关联ID,版本号,发版项名称,用户ID,设备,原声摘要,原声链接,触达状态,触达话术,触达人,触达时间,备注
2.73.0::备考计划支持跨册次::feedback-413819224-2026/01/11 11:11:37,2.73.0,备考计划支持跨册次,413819224,S2,寒假预复习计划什么时候有？,https://cupid.zhenguanyu.com/#/analysis/user-feedback-list?userId=413819224,未触达,,,,候选（需先在关联表确认）
2.73.0::备考计划支持跨册次::feedback-651571389-2026/03/26 10:58:12,2.73.0,备考计划支持跨册次,651571389,S6,"
几年前买了小猿学练机S2，近期试用了S6，使用下来觉得S6还是没有解决我想要的功能问题，所以决定退回S6，还是继续用S2。具体如下:
1.举一反三功能依然不智能。小孩练习的错题下面虽然有个举一反三的功能，但是推送的题型和错题完全不一样，达不到举一反三的效果。
2.S6有个定制复习计划，明明说的薄弱点是小数的加减运算，但是推送的题目完全不是小数的运算题，题型甚至和小数毫无关联，这让我怀疑你们推送的",https://cupid.zhenguanyu.com/#/analysis/user-feedback-list?userId=651571389,未触达,,,,候选（需先在关联表确认）
2.73.0::备考计划支持跨册次::feedback-556785762-2026/04/25 15:32:10,2.73.0,备考计划支持跨册次,556785762,S2,复习计划怎么只有数学，没有语文英语其他科目的,https://cupid.zhenguanyu.com/#/analysis/user-feedback-list?userId=556785762,未触达,,,,候选（需先在关联表确认）
2.73.0::试卷「名校专区」标签::feedback-26732967-2026/01/18 11:10:39,2.73.0,试卷「名校专区」标签,26732967,S2,在做阶段测评试卷的时候，发现里面的卷子格子或者做题间隔很小，无法写字。画面设计需要改进,https://cupid.zhenguanyu.com/#/analysis/user-feedback-list?userId=26732967,未触达,,,,候选（需先在关联表确认）
2.73.0::试卷「名校专区」标签::feedback-525495381-2026/03/12 19:06:24,2.73.0,试卷「名校专区」标签,525495381,S2,孩子作业变多，带孩子做教材同步时感觉题目太多，不做完无法提交，能不能和阶段测评里的试卷一样有自由选题功能？这样家长可以自己选择合适的题目给小孩完成,https://cupid.zhenguanyu.com/#/analysis/user-feedback-list?userId=525495381,未触达,,,,候选（需先在关联表确认）
2.73.0::试卷「名校专区」标签::feedback-525495381-2026/04/01 12:42:55,2.73.0,试卷「名校专区」标签,525495381,S2,"孩子作业变多，带孩子做教材同步时感觉题目太多，不做完无法提交，能不能和阶段测评里的试卷一样有自由选题功能？这样家长可以自己选择合适的题目给小孩完成。
请查看上次和反馈，根本没人重视顾客的意见，理都没人理",https://cupid.zhenguanyu.com/#/analysis/user-feedback-list?userId=525495381,未触达,,,,候选（需先在关联表确认）
2.73.0::试卷「名校专区」标签::feedback-677845085-2026/01/19 20:02:56,2.73.0,试卷「名校专区」标签,677845085,S2,阶段测评栏目中语文没有解析和标准答案,https://cupid.zhenguanyu.com/#/analysis/user-feedback-list?userId=677845085,未触达,,,,候选（需先在关联表确认）
2.73.0::试卷「名校专区」标签::feedback-738745375-2026/03/12 21:10:47,2.73.0,试卷「名校专区」标签,738745375,S6,这里说我们有一个阶段测评，在阶段测评里边还有一个精准学，但是我在我的本上没有找到这两项呀。,https://cupid.zhenguanyu.com/#/analysis/user-feedback-list?userId=738745375,未触达,,,,候选（需先在关联表确认）
2.73.0::试卷「名校专区」标签::feedback-828570909-2026/03/22 21:33:46,2.73.0,试卷「名校专区」标签,828570909,S2,阶段测评里面的听力不知道在哪里听,https://cupid.zhenguanyu.com/#/analysis/user-feedback-list?userId=828570909,未触达,,,,候选（需先在关联表确认）
2.73.0::试卷「名校专区」标签::feedback-708572845-2026/06/08 07:47:07,2.73.0,试卷「名校专区」标签,708572845,S6,阶段测评是之前的版本，未更新。圆形知识点未学过,https://cupid.zhenguanyu.com/#/analysis/user-feedback-list?userId=708572845,未触达,,,,候选（需先在关联表确认）
2.73.0::试卷「名校专区」标签::feedback-1059143790-2026/01/19 12:23:14,2.73.0,试卷「名校专区」标签,1059143790,S2,教辅专区目前没有学校需要的王朝霞试卷和小白鸥试卷，希望教辅专区能多一些选择，谢谢。,https://cupid.zhenguanyu.com/#/analysis/user-feedback-list?userId=1059143790,未触达,,,,候选（需先在关联表确认）
2.73.0::试卷「名校专区」标签::feedback-427583628-2026/02/01 21:10:01,2.73.0,试卷「名校专区」标签,427583628,S6,教辅专区里的试卷完成后，AI诊断功能并不能针对教辅专区里的试卷完成的结果，进行评分和相关薄弱点的举一反三是试题推送,https://cupid.zhenguanyu.com/#/analysis/user-feedback-list?userId=427583628,未触达,,,,候选（需先在关联表确认）
2.73.0::试卷「名校专区」标签::feedback-688942892-2026/04/23 11:50:36,2.73.0,试卷「名校专区」标签,688942892,S1,教辅专区里所有的试卷，还有阅读理解字体都很小，根本看不清,https://cupid.zhenguanyu.com/#/analysis/user-feedback-list?userId=688942892,未触达,,,,候选（需先在关联表确认）
2.73.0::试卷「名校专区」标签::feedback-211964236-2026/01/05 20:05:13,2.73.0,试卷「名校专区」标签,211964236,S2,教材选的青岛版 为什么阶段测试是人教版 所有科目版本都和我们的课本不一样,https://cupid.zhenguanyu.com/#/analysis/user-feedback-list?userId=211964236,未触达,,,,候选（需先在关联表确认）
2.73.0::试卷「名校专区」标签::feedback-1099091545-2026/04/20 13:19:39,2.73.0,试卷「名校专区」标签,1099091545,S2,苏教四下数学，阶段测验内容与教材不符,https://cupid.zhenguanyu.com/#/analysis/user-feedback-list?userId=1099091545,未触达,,,,候选（需先在关联表确认）
2.73.0::试卷「名校专区」标签::feedback-551234142-2026/01/02 12:31:24,2.73.0,试卷「名校专区」标签,551234142,S2,计算题预留空间太小，试卷排布不合理，需要反复返回查看,https://cupid.zhenguanyu.com/#/analysis/user-feedback-list?userId=551234142,未触达,,,,候选（需先在关联表确认）
2.73.0::试卷「名校专区」标签::feedback-532860988-2026/01/02 15:06:57,2.73.0,试卷「名校专区」标签,532860988,S1,教辅专区有的不给批改、还没有答案、能不能在每套习题后面有个答案的二维码？这还得上别的软件搜索答案批改、太麻烦了,https://cupid.zhenguanyu.com/#/analysis/user-feedback-list?userId=532860988,未触达,,,,候选（需先在关联表确认）
2.73.0::试卷「名校专区」标签::feedback-697030408-2026/01/02 20:31:58,2.73.0,试卷「名校专区」标签,697030408,S2,试卷批改不行，老是批错，明明是对的，也打叉,https://cupid.zhenguanyu.com/#/analysis/user-feedback-list?userId=697030408,未触达,,,,候选（需先在关联表确认）
2.73.0::试卷「名校专区」标签::feedback-581004270-2026/01/02 21:06:25,2.73.0,试卷「名校专区」标签,581004270,S2,二年级冀教版单元卷中，2025-2026中上学期第一单元测试卷中，里面有一道题的答案是错误的，答案应该是93,https://cupid.zhenguanyu.com/#/analysis/user-feedback-list?userId=581004270,未触达,,,,候选（需先在关联表确认）
2.73.0::试卷「名校专区」标签::feedback-396379398-2026/01/03 12:23:51,2.73.0,试卷「名校专区」标签,396379398,S2,图片中的题，让直接写得数。但是写答案的空留的太小，根本写不下。写在旁边就判错。所以能不能在试卷版面设计时合理留空？,https://cupid.zhenguanyu.com/#/analysis/user-feedback-list?userId=396379398,未触达,,,,候选（需先在关联表确认）
2.73.0::试卷「名校专区」标签::feedback-570900709-2026/01/06 06:06:35,2.73.0,试卷「名校专区」标签,570900709,S2,53大试卷为什么没有英语苏教版的？而且江苏版的练习太少了，能再上点新领程和提高班、实验班什么的吗？,https://cupid.zhenguanyu.com/#/analysis/user-feedback-list?userId=570900709,未触达,,,,候选（需先在关联表确认）
2.73.0::试卷「名校专区」标签::feedback-570900709-2026/01/06 06:07:26,2.73.0,试卷「名校专区」标签,570900709,S2,"我的反馈
功能问题
2026-01-06 06:06
53大试卷为什么没有英语译林版的？而且江苏版的练习太少了，能再上点新领程和提高班、实验班什么的吗？",https://cupid.zhenguanyu.com/#/analysis/user-feedback-list?userId=570900709,未触达,,,,候选（需先在关联表确认）
2.73.0::试卷「名校专区」标签::feedback-238937994-2026/01/07 01:17:10,2.73.0,试卷「名校专区」标签,238937994,S2,试卷没有更新答案，批改的答案都是错的,https://cupid.zhenguanyu.com/#/analysis/user-feedback-list?userId=238937994,未触达,,,,候选（需先在关联表确认）
2.73.0::试卷「名校专区」标签::feedback-690113222-2026/01/07 09:29:30,2.73.0,试卷「名校专区」标签,690113222,S2,试卷的部分没有筛选出对应教材，而是全国各种教材版本都在内，并且在界面内也不可筛选，只能一页页的找，1-5你年级的小朋友自己完全搞不清楚，家长有时候也分不清楚,https://cupid.zhenguanyu.com/#/analysis/user-feedback-list?userId=690113222,未触达,,,,候选（需先在关联表确认）
2.73.0::试卷「名校专区」标签::feedback-521631520-2026/01/07 13:10:58,2.73.0,试卷「名校专区」标签,521631520,E1,希望能有过往几年期中和期末试卷真题讲解的功能,https://cupid.zhenguanyu.com/#/analysis/user-feedback-list?userId=521631520,未触达,,,,候选（需先在关联表确认）
2.73.0::试卷「名校专区」标签::feedback-1090647365-2026/01/07 14:43:36,2.73.0,试卷「名校专区」标签,1090647365,E1,英语试卷没有听力部分，如何解决？请尽快回复。,https://cupid.zhenguanyu.com/#/analysis/user-feedback-list?userId=1090647365,未触达,,,,候选（需先在关联表确认）
2.73.0::试卷「名校专区」标签::feedback-184402070-2026/01/07 21:16:42,2.73.0,试卷「名校专区」标签,184402070,S2,希望试卷可以打印,https://cupid.zhenguanyu.com/#/analysis/user-feedback-list?userId=184402070,未触达,,,,候选（需先在关联表确认）
2.73.0::试卷「名校专区」标签::feedback-736390830-2026/01/08 21:27:51,2.73.0,试卷「名校专区」标签,736390830,S2,怎样关闭专项突破里面的素养专区，小孩一直拿着听故事,https://cupid.zhenguanyu.com/#/analysis/user-feedback-list?userId=736390830,未触达,,,,候选（需先在关联表确认）
2.73.0::试卷「名校专区」标签::feedback-470875230-2026/01/10 13:09:52,2.73.0,试卷「名校专区」标签,470875230,S6,外部上传试卷拍照不清晰，摄像头有待提升。上传后做题竖屏显示字体小，只能横屏，横屏做完题目提交需转换成竖屏，但答案位置跑偏无法正确识别，待提升！,https://cupid.zhenguanyu.com/#/analysis/user-feedback-list?userId=470875230,未触达,,,,候选（需先在关联表确认）
2.73.0::试卷「名校专区」标签::feedback-208120968-2026/01/11 09:07:00,2.73.0,试卷「名校专区」标签,208120968,S2,教辅专区的教辅书可以自己排位置，不然优先选的教辅在后面几页，每天都要翻页,https://cupid.zhenguanyu.com/#/analysis/user-feedback-list?userId=208120968,未触达,,,,候选（需先在关联表确认）
2.73.0::试卷「名校专区」标签::feedback-701079668-2026/01/11 11:32:40,2.73.0,试卷「名校专区」标签,701079668,S2,教辅专区的书特别多 其实正常用的就那么几本！每次从这个地方进去看到一堆教辅都不知道做啥好！建议可以选择需要的教辅 添加到首页啥地方  每天一进去就知道要做啥！,https://cupid.zhenguanyu.com/#/analysis/user-feedback-list?userId=701079668,未触达,,,,候选（需先在关联表确认）
2.73.0::试卷「名校专区」标签::feedback-392430452-2026/01/11 13:42:05,2.73.0,试卷「名校专区」标签,392430452,S6,期末复习，希望增加英语和语文及语文和英语试卷分享功能,https://cupid.zhenguanyu.com/#/analysis/user-feedback-list?userId=392430452,未触达,,,,候选（需先在关联表确认）
2.73.0::试卷「名校专区」标签::feedback-552014791-2026/01/11 19:08:38,2.73.0,试卷「名校专区」标签,552014791,S1,这试卷字这么小，根本看不清，不能缩放，也不能打印，根本没法使用，使用也伤眼睛,https://cupid.zhenguanyu.com/#/analysis/user-feedback-list?userId=552014791,未触达,,,,候选（需先在关联表确认）
2.73.0::试卷「名校专区」标签::feedback-552014791-2026/01/11 19:09:10,2.73.0,试卷「名校专区」标签,552014791,S1,这试卷字这么小，根本看不清，不能缩放，也不能打印，根本没法使用，使用也伤眼睛,https://cupid.zhenguanyu.com/#/analysis/user-feedback-list?userId=552014791,未触达,,,,候选（需先在关联表确认）
2.73.0::试卷「名校专区」标签::feedback-257107324-2026/01/12 11:37:06,2.73.0,试卷「名校专区」标签,257107324,S6,选择的教辅专区书籍无法在首页中显示出来，每次都要进入教辅专区才能选做，不太便捷，希望能在首页中显示出常用的教辅材料。,https://cupid.zhenguanyu.com/#/analysis/user-feedback-list?userId=257107324,未触达,,,,候选（需先在关联表确认）
2.73.0::试卷「名校专区」标签::feedback-488127424-2026/01/12 21:00:07,2.73.0,试卷「名校专区」标签,488127424,S2,教材不全！试卷不全！功能超级差！连课本都没有！,https://cupid.zhenguanyu.com/#/analysis/user-feedback-list?userId=488127424,未触达,,,,候选（需先在关联表确认）
2.73.0::试卷「名校专区」标签::feedback-236171086-2026/01/13 20:01:33,2.73.0,试卷「名校专区」标签,236171086,S2,为什么没有山东省日照市东港区的期末试卷？,https://cupid.zhenguanyu.com/#/analysis/user-feedback-list?userId=236171086,未触达,,,,候选（需先在关联表确认）
2.73.0::试卷「名校专区」标签::feedback-369260854-2026/01/17 20:13:01,2.73.0,试卷「名校专区」标签,369260854,S2,"
 
“你好，想反馈一个功能建议：希望在四年级语文板块，把每个单元的‘日积月累’和课文里的必默古诗，单独做一个‘必默专区’。最好能按单元/教材版本分类，支持一键筛选、批量默写、自动批改，方便孩子集中练习和复习。孩子现在用的是[四年级]、[人教版]，麻烦帮忙评估上线~”
 
",https://cupid.zhenguanyu.com/#/analysis/user-feedback-list?userId=369260854,未触达,,,,候选（需先在关联表确认）
2.73.0::试卷「名校专区」标签::feedback-535499411-2026/01/18 09:54:58,2.73.0,试卷「名校专区」标签,535499411,S2,你好，小猿S2，英语教材的教材同步和体系学习材料是错的，还是旧版的，但在教辅专区的学霸笔记又是正确的（正确可参考这个）,https://cupid.zhenguanyu.com/#/analysis/user-feedback-list?userId=535499411,未触达,,,,候选（需先在关联表确认）
2.73.0::试卷「名校专区」标签::feedback-744324882-2026/01/18 11:25:02,2.73.0,试卷「名校专区」标签,744324882,S6,不能分析语文和英语试卷,https://cupid.zhenguanyu.com/#/analysis/user-feedback-list?userId=744324882,未触达,,,,候选（需先在关联表确认）
2.73.0::试卷「名校专区」标签::feedback-1105641401-2026/01/18 20:08:48,2.73.0,试卷「名校专区」标签,1105641401,S6,2025-2026学年北师版和2024-2025这两张试卷一样？为啥,https://cupid.zhenguanyu.com/#/analysis/user-feedback-list?userId=1105641401,未触达,,,,候选（需先在关联表确认）
2.73.0::试卷「名校专区」标签::feedback-1105641401-2026/01/18 20:10:31,2.73.0,试卷「名校专区」标签,1105641401,S6,为什么前面这两张试卷内容一样的？,https://cupid.zhenguanyu.com/#/analysis/user-feedback-list?userId=1105641401,未触达,,,,候选（需先在关联表确认）
2.73.0::试卷「名校专区」标签::feedback-293110442-2026/01/18 20:10:43,2.73.0,试卷「名校专区」标签,293110442,S6,真题实战模拟两张试卷内容一模一样,https://cupid.zhenguanyu.com/#/analysis/user-feedback-list?userId=293110442,未触达,,,,候选（需先在关联表确认）
2.73.0::试卷「名校专区」标签::feedback-671310073-2026/01/19 11:10:07,2.73.0,试卷「名校专区」标签,671310073,S2,ai批改试卷服务器不可用,https://cupid.zhenguanyu.com/#/analysis/user-feedback-list?userId=671310073,未触达,,,,候选（需先在关联表确认）
2.73.0::试卷「名校专区」标签::feedback-532247588-2026/01/19 21:15:23,2.73.0,试卷「名校专区」标签,532247588,S2,因为是广东佛山市南海区的学生，期末考试模拟试卷佛山南海地区的偏少，可以说是小之甚无，语文，英语，科学的试卷偏差太大，希望可以帮搜集该地区的试卷，让孩子可以加以练习，谢谢！,https://cupid.zhenguanyu.com/#/analysis/user-feedback-list?userId=532247588,未触达,,,,候选（需先在关联表确认）
2.73.0::试卷「名校专区」标签::feedback-305524030-2026/01/20 18:21:01,2.73.0,试卷「名校专区」标签,305524030,S2,学练机给的答案错误，误导孩子学习。做试卷贴贴布局紧凑，不给预留足够答题的空间，靠近屏幕左侧答题，批改后会显示不完整。因为题目在屏幕左侧，答题必须写在正下方，答题后就显示不完整。答题不写在正下方，就会批改错误。需要调整的地方太多了，之前也联系客服反馈过多次，说后续会不断优化，也没优化。答题批改出错率太高，写对的机器给改错。还有学练机给的答案都会是错的？误导孩子！希望赶紧处理一下吧！花那么多钱买的帮不,https://cupid.zhenguanyu.com/#/analysis/user-feedback-list?userId=305524030,未触达,,,,候选（需先在关联表确认）
2.73.0::试卷「名校专区」标签::feedback-724282899-2026/01/20 20:59:30,2.73.0,试卷「名校专区」标签,724282899,S2,你好，使用下来有点儿建议，可不可以把教辅专区再细分一下。数学可以分为口算，同步，拔高，奥数。语文和英语分为同步，阅读理解，作文。然后教辅的难易程度也排个序，这样的话可以按照孩子的实际情况按需进行练习,https://cupid.zhenguanyu.com/#/analysis/user-feedback-list?userId=724282899,未触达,,,,候选（需先在关联表确认）
2.73.0::试卷「名校专区」标签::feedback-128163504-2026/01/21 20:21:26,2.73.0,试卷「名校专区」标签,128163504,S6,孩子做化学物理初三试卷，对了，给孩子打错，我看答案是一模一样，而且孩子没有订正，也不提示,https://cupid.zhenguanyu.com/#/analysis/user-feedback-list?userId=128163504,未触达,,,,候选（需先在关联表确认）
2.73.0::试卷「名校专区」标签::feedback-482086528-2026/01/22 12:50:15,2.73.0,试卷「名校专区」标签,482086528,S6,目前使用下来，对于符合教材的中考练习的各科试卷没有，有的只是本地的历年试卷，这种的话学校都会给孩子做练习，所以正对中考的卷子比较少，希望可以多更新这种类型的教辅资料,https://cupid.zhenguanyu.com/#/analysis/user-feedback-list?userId=482086528,未触达,,,,候选（需先在关联表确认）
2.73.0::试卷「名校专区」标签::feedback-470875230-2026/01/23 15:50:50,2.73.0,试卷「名校专区」标签,470875230,S6,期末试卷目前学校都不让拍照了，孩子只能记住错题是哪道，试卷上传至云盘，然后把错题标出来，可否增加通过上传云文件功能添加呢？,https://cupid.zhenguanyu.com/#/analysis/user-feedback-list?userId=470875230,未触达,,,,候选（需先在关联表确认）
2.73.0::试卷「名校专区」标签::feedback-147712088-2026/01/24 09:44:01,2.73.0,试卷「名校专区」标签,147712088,S2,教辅专区答案明明是对的，每次都判错，怎么改都会判错,https://cupid.zhenguanyu.com/#/analysis/user-feedback-list?userId=147712088,未触达,,,,候选（需先在关联表确认）
2.73.0::试卷「名校专区」标签::feedback-332245242-2026/01/24 09:59:00,2.73.0,试卷「名校专区」标签,332245242,S2,能像试卷宝一样把错题打印出来吗,https://cupid.zhenguanyu.com/#/analysis/user-feedback-list?userId=332245242,未触达,,,,候选（需先在关联表确认）
2.73.0::试卷「名校专区」标签::feedback-720309749-2026/01/24 17:09:31,2.73.0,试卷「名校专区」标签,720309749,S2,能不能更新一下教材，不要总是这几个，江苏这边的根本不匹配，能不能增加一些江苏这边的亮点给力，亮点默写，亮点大试卷。,https://cupid.zhenguanyu.com/#/analysis/user-feedback-list?userId=720309749,未触达,,,,候选（需先在关联表确认）
2.73.0::试卷「名校专区」标签::feedback-696181712-2026/01/24 20:14:34,2.73.0,试卷「名校专区」标签,696181712,S2,小猿，能不能增加一个王朝霞的教辅，单元测和期中期末考试卷子的那种，语文、科普版英语的,https://cupid.zhenguanyu.com/#/analysis/user-feedback-list?userId=696181712,未触达,,,,候选（需先在关联表确认）
2.73.0::试卷「名校专区」标签::feedback-241604226-2026/01/25 08:11:47,2.73.0,试卷「名校专区」标签,241604226,S2,大概三天左右，拍试卷后不能分析。,https://cupid.zhenguanyu.com/#/analysis/user-feedback-list?userId=241604226,未触达,,,,候选（需先在关联表确认）
2.73.0::试卷「名校专区」标签::feedback-216678290-2026/01/26 15:05:16,2.73.0,试卷「名校专区」标签,216678290,S2,针对上海五四版的牛津英语教辅和数学教辅太少，比如“一卷搞定”、“名校名卷”这类热门教辅一个都没有，仅有“一课一练”是不够的。,https://cupid.zhenguanyu.com/#/analysis/user-feedback-list?userId=216678290,未触达,,,,候选（需先在关联表确认）
2.73.0::试卷「名校专区」标签::feedback-370713592-2026/01/27 20:56:15,2.73.0,试卷「名校专区」标签,370713592,S6,要不就是很卡，要不就是不给批改，问题很多，一张试卷做完，批改完连口算都能批错了，孩子都急哭了，这么贵的机器，这么不靠谱，今天批科学试卷拍了十几次都无法识别，想要退货了,https://cupid.zhenguanyu.com/#/analysis/user-feedback-list?userId=370713592,未触达,,,,候选（需先在关联表确认）
2.73.0::试卷「名校专区」标签::feedback-762678606-2026/01/29 20:50:07,2.73.0,试卷「名校专区」标签,762678606,S2,错题本功能可以加入一个生成包含所有错题题型的试卷；把两个照片合并成一个；可以在错题照片上修改；可自行拖拉控制覆盖题目大小,https://cupid.zhenguanyu.com/#/analysis/user-feedback-list?userId=762678606,未触达,,,,候选（需先在关联表确认）
2.73.0::试卷「名校专区」标签::feedback-272330718-2026/01/30 10:02:15,2.73.0,试卷「名校专区」标签,272330718,S2,教辅专区可以多些数学类的，必刷题,https://cupid.zhenguanyu.com/#/analysis/user-feedback-list?userId=272330718,未触达,,,,候选（需先在关联表确认）
2.73.0::试卷「名校专区」标签::feedback-174269634-2026/02/02 12:53:22,2.73.0,试卷「名校专区」标签,174269634,S6,教辅资料建议上传江苏版亮点大试卷，学霸提优大试卷，以及拔尖特训,https://cupid.zhenguanyu.com/#/analysis/user-feedback-list?userId=174269634,未触达,,,,候选（需先在关联表确认）
2.73.0::试卷「名校专区」标签::feedback-632833939-2026/02/02 17:19:35,2.73.0,试卷「名校专区」标签,632833939,S2,孩子现在都用答题卡，试卷上面没有答案，又不能上传答题卡，无法生成学情诊断。,https://cupid.zhenguanyu.com/#/analysis/user-feedback-list?userId=632833939,未触达,,,,候选（需先在关联表确认）
2.73.0::试卷「名校专区」标签::feedback-740166931-2026/02/05 15:40:26,2.73.0,试卷「名校专区」标签,740166931,S2,没有问题，提个建议:就是学校老师经常要求孩子们自己找试卷昨晚，家长批改让后带回学校，能不能在小猿学习本上做完试卷，批改后，增加一个导出的功能,https://cupid.zhenguanyu.com/#/analysis/user-feedback-list?userId=740166931,未触达,,,,候选（需先在关联表确认）
2.73.0::试卷「名校专区」标签::feedback-747300807-2026/02/06 09:36:36,2.73.0,试卷「名校专区」标签,747300807,S2,刷英语试卷听力没有声音的吗？更新后就没有声音了，你们测试都不测试就发布了吗？好神奇啊,https://cupid.zhenguanyu.com/#/analysis/user-feedback-list?userId=747300807,未触达,,,,候选（需先在关联表确认）
2.73.0::试卷「名校专区」标签::feedback-381042860-2026/02/10 19:52:19,2.73.0,试卷「名校专区」标签,381042860,S2,口算练习以及各种试卷真题练习，每一次做完一关机或者退出就没有保存了，比如说有时候要打卡的时候呢，退出了就得再做一遍就没有办法，还有英语，语文都是一样的，希望能有一个存档，就是做完之后能退出之后还能有记录,https://cupid.zhenguanyu.com/#/analysis/user-feedback-list?userId=381042860,未触达,,,,候选（需先在关联表确认）
2.73.0::试卷「名校专区」标签::feedback-277243344-2026/02/10 23:54:06,2.73.0,试卷「名校专区」标签,277243344,S2,五年级下册数学能不能匹配一些按周检测学习情况的周末试卷,https://cupid.zhenguanyu.com/#/analysis/user-feedback-list?userId=277243344,未触达,,,,候选（需先在关联表确认）
2.73.0::试卷「名校专区」标签::feedback-524076928-2026/02/13 21:57:50,2.73.0,试卷「名校专区」标签,524076928,S2,缺少科学的相应教材辅导，需要多一些练习作业跟试卷,https://cupid.zhenguanyu.com/#/analysis/user-feedback-list?userId=524076928,未触达,,,,候选（需先在关联表确认）
2.73.0::试卷「名校专区」标签::feedback-736389533-2026/02/16 13:27:59,2.73.0,试卷「名校专区」标签,736389533,S2,错题没有可以自己设置标签功能,https://cupid.zhenguanyu.com/#/analysis/user-feedback-list?userId=736389533,未触达,,,,候选（需先在关联表确认）
2.73.0::试卷「名校专区」标签::feedback-1006364975-2026/02/23 13:20:42,2.73.0,试卷「名校专区」标签,1006364975,S2,对于教辅专区的练习，可以通过随便写一下提交批改就能看到答案解析，没有管控功能,https://cupid.zhenguanyu.com/#/analysis/user-feedback-list?userId=1006364975,未触达,,,,候选（需先在关联表确认）
2.73.0::试卷「名校专区」标签::feedback-457832078-2026/02/23 23:47:06,2.73.0,试卷「名校专区」标签,457832078,S2,教辅专区教材越来越少，有的做了几天就更新没了，,https://cupid.zhenguanyu.com/#/analysis/user-feedback-list?userId=457832078,未触达,,,,候选（需先在关联表确认）
2.73.0::试卷「名校专区」标签::feedback-742328204-2026/02/25 21:21:53,2.73.0,试卷「名校专区」标签,742328204,S2,目前教材内容，试卷内容，知识点都没有更新，造成无法使用,https://cupid.zhenguanyu.com/#/analysis/user-feedback-list?userId=742328204,未触达,,,,候选（需先在关联表确认）
2.73.0::试卷「名校专区」标签::feedback-521900862-2026/03/01 14:01:43,2.73.0,试卷「名校专区」标签,521900862,S2,"教辅专区建议可以自定义排序，家长可自定义某几项置顶，方便低年级小朋友快速找到每日要练的内容。
左侧首页、教材同步、专项突破这些项目建议也可自定义排序，方便低年级小朋友快速找到家长布置的任务",https://cupid.zhenguanyu.com/#/analysis/user-feedback-list?userId=521900862,未触达,,,,候选（需先在关联表确认）
2.73.0::试卷「名校专区」标签::feedback-1098158832-2026/03/02 19:38:02,2.73.0,试卷「名校专区」标签,1098158832,E1,教辅专区的黄冈小状元学业本里面的因数和倍数写不了,https://cupid.zhenguanyu.com/#/analysis/user-feedback-list?userId=1098158832,未触达,,,,候选（需先在关联表确认）
2.73.0::试卷「名校专区」标签::feedback-194488434-2026/03/02 23:06:16,2.73.0,试卷「名校专区」标签,194488434,S2,增加试卷打印功能,https://cupid.zhenguanyu.com/#/analysis/user-feedback-list?userId=194488434,未触达,,,,候选（需先在关联表确认）
2.73.0::试卷「名校专区」标签::feedback-142469322-2026/03/03 15:10:21,2.73.0,试卷「名校专区」标签,142469322,S2,试卷更新慢，只有第一单元，数学学霸笔记打开特别慢，教辅资料可以再增加几个，例如王朝霞，拔尖特训,https://cupid.zhenguanyu.com/#/analysis/user-feedback-list?userId=142469322,未触达,,,,候选（需先在关联表确认）
2.73.0::试卷「名校专区」标签::feedback-413991460-2026/03/03 21:54:38,2.73.0,试卷「名校专区」标签,413991460,S2,"1 教辅专区学霸笔记的内容挺好的，就是字体太小，不清楚。希望调整一下字体
2 三下的教辅好多都不是新课标，请及时更新",https://cupid.zhenguanyu.com/#/analysis/user-feedback-list?userId=413991460,未触达,,,,候选（需先在关联表确认）
2.73.0::试卷「名校专区」标签::feedback-745413839-2026/03/03 21:58:00,2.73.0,试卷「名校专区」标签,745413839,S2,试卷都不会同步到最新，都是几年的试卷课本都最新的，还有什么用，反馈无数次就是不会更新，太垃圾了，别的牌子的都已经更新完毕了。只有你们家都是三年五年前的试卷。,https://cupid.zhenguanyu.com/#/analysis/user-feedback-list?userId=745413839,未触达,,,,候选（需先在关联表确认）
2.73.0::试卷「名校专区」标签::feedback-1018670078-2026/03/04 22:14:13,2.73.0,试卷「名校专区」标签,1018670078,S2,同步练习、试卷如何打印？,https://cupid.zhenguanyu.com/#/analysis/user-feedback-list?userId=1018670078,未触达,,,,候选（需先在关联表确认）
2.73.0::试卷「名校专区」标签::feedback-750522989-2026/03/04 22:41:07,2.73.0,试卷「名校专区」标签,750522989,S2,教辅专区里没有苏教版数学练习册教辅资料，去年就没有，什么时候能更新有苏教版数学练习册，53和实验班都可以，最起码有一个吧,https://cupid.zhenguanyu.com/#/analysis/user-feedback-list?userId=750522989,未触达,,,,候选（需先在关联表确认）
2.73.0::试卷「名校专区」标签::feedback-390047976-2026/03/05 22:02:26,2.73.0,试卷「名校专区」标签,390047976,S2,AI学情诊断中的试卷分析无法分析，显示抱歉，服务器异常，请稍后重试，但是作业诊断可以,https://cupid.zhenguanyu.com/#/analysis/user-feedback-list?userId=390047976,未触达,,,,候选（需先在关联表确认）
2.73.0::试卷「名校专区」标签::feedback-711356323-2026/03/05 22:11:07,2.73.0,试卷「名校专区」标签,711356323,S2,教辅专区里的英语练习为什么没有人教新起点版呢,https://cupid.zhenguanyu.com/#/analysis/user-feedback-list?userId=711356323,未触达,,,,候选（需先在关联表确认）
2.73.0::试卷「名校专区」标签::feedback-513370632-2026/03/07 10:20:27,2.73.0,试卷「名校专区」标签,513370632,S2,教辅专区资料更新严重延迟,https://cupid.zhenguanyu.com/#/analysis/user-feedback-list?userId=513370632,未触达,,,,候选（需先在关联表确认）
2.73.0::试卷「名校专区」标签::feedback-403261136-2026/03/07 15:43:48,2.73.0,试卷「名校专区」标签,403261136,S2,学练机里的教辅专区没有我们用的五四制,https://cupid.zhenguanyu.com/#/analysis/user-feedback-list?userId=403261136,未触达,,,,候选（需先在关联表确认）
2.73.0::试卷「名校专区」标签::feedback-365824860-2026/03/08 11:28:54,2.73.0,试卷「名校专区」标签,365824860,S6,教辅专区里面，英语练习基本没有译林版教材，什么时候能更新,https://cupid.zhenguanyu.com/#/analysis/user-feedback-list?userId=365824860,未触达,,,,候选（需先在关联表确认）
2.73.0::试卷「名校专区」标签::feedback-1105641401-2026/03/08 14:49:07,2.73.0,试卷「名校专区」标签,1105641401,S6,为什么枣庄市薛城区数学月考试卷没有最新日期试卷,https://cupid.zhenguanyu.com/#/analysis/user-feedback-list?userId=1105641401,未触达,,,,候选（需先在关联表确认）
2.73.0::试卷「名校专区」标签::feedback-544199054-2026/03/09 22:29:25,2.73.0,试卷「名校专区」标签,544199054,E1,教辅专区的学霸笔记模块中字体太小，看着太费劲，也没有缩放功能,https://cupid.zhenguanyu.com/#/analysis/user-feedback-list?userId=544199054,未触达,,,,候选（需先在关联表确认）
2.73.0::试卷「名校专区」标签::feedback-747361587-2026/03/09 22:40:10,2.73.0,试卷「名校专区」标签,747361587,S2,小学6年级下，语文旧版本统编，教辅专区，53小学基础句式训练大全，里面的练习，错了，没正确答案，没也正确答案解析，只告诉你错了，订正的时候没正确答案,https://cupid.zhenguanyu.com/#/analysis/user-feedback-list?userId=747361587,未触达,,,,候选（需先在关联表确认）
2.73.0::试卷「名校专区」标签::feedback-399580206-2026/03/10 18:21:30,2.73.0,试卷「名校专区」标签,399580206,S2,教辅专区苏教版一直不更新！数学英语都没有！,https://cupid.zhenguanyu.com/#/analysis/user-feedback-list?userId=399580206,未触达,,,,候选（需先在关联表确认）
2.73.0::试卷「名校专区」标签::feedback-523214876-2026/03/10 19:34:15,2.73.0,试卷「名校专区」标签,523214876,S2,苏教版四年级下的教辅专区的没更新，都是旧版本，,https://cupid.zhenguanyu.com/#/analysis/user-feedback-list?userId=523214876,未触达,,,,候选（需先在关联表确认）
2.73.0::试卷「名校专区」标签::feedback-560025249-2026/03/11 16:53:27,2.73.0,试卷「名校专区」标签,560025249,S2,教辅专区里的教辅作业提交批改，出现大量错题打对，，这样的话需要重新一题一题验证，影响使用效果。这是厂品缺陷吗,https://cupid.zhenguanyu.com/#/analysis/user-feedback-list?userId=560025249,未触达,,,,候选（需先在关联表确认）
2.73.0::试卷「名校专区」标签::feedback-1052436267-2026/03/11 18:08:25,2.73.0,试卷「名校专区」标签,1052436267,S2,孩子英语是北京外研版新课标，教辅专区里53说是内容更新了，但和教材内容不对应。英语对应北京外研新课标的联系几乎没有。,https://cupid.zhenguanyu.com/#/analysis/user-feedback-list?userId=1052436267,未触达,,,,候选（需先在关联表确认）
2.73.0::试卷「名校专区」标签::feedback-296580638-2026/03/12 19:47:02,2.73.0,试卷「名校专区」标签,296580638,E1,申请六年级下册冀教版典中典教材，王朝霞单元试卷,https://cupid.zhenguanyu.com/#/analysis/user-feedback-list?userId=296580638,未触达,,,,候选（需先在关联表确认）
2.73.0::试卷「名校专区」标签::feedback-261118582-2026/03/12 19:52:10,2.73.0,试卷「名校专区」标签,261118582,S2,教辅专区能不能新增一个 典中点 ，现在四川很多学校都安排做这个,https://cupid.zhenguanyu.com/#/analysis/user-feedback-list?userId=261118582,未触达,,,,候选（需先在关联表确认）
2.73.0::试卷「名校专区」标签::feedback-1106044673-2026/03/16 10:35:48,2.73.0,试卷「名校专区」标签,1106044673,S2,教辅专区八年级5.3天天练语文没有同步,https://cupid.zhenguanyu.com/#/analysis/user-feedback-list?userId=1106044673,未触达,,,,候选（需先在关联表确认）
2.73.0::试卷「名校专区」标签::feedback-460876006-2026/03/17 14:53:06,2.73.0,试卷「名校专区」标签,460876006,S6,建议增加北京真题圈试卷，而且北京版数学的对应专项练习没有，试题也少,https://cupid.zhenguanyu.com/#/analysis/user-feedback-list?userId=460876006,未触达,,,,候选（需先在关联表确认）
2.73.0::试卷「名校专区」标签::feedback-342639974-2026/03/17 23:59:01,2.73.0,试卷「名校专区」标签,342639974,S2,教辅专区五年中考三年模拟里面的地理和生物内容章节不足，只有一章内容。可以更新一下吗？,https://cupid.zhenguanyu.com/#/analysis/user-feedback-list?userId=342639974,未触达,,,,候选（需先在关联表确认）
2.73.0::试卷「名校专区」标签::feedback-713339383-2026/03/18 09:56:20,2.73.0,试卷「名校专区」标签,713339383,S2,更新之后，教辅专区减少了很多，一课一练也没有了。对上海学生很不友好，很多功能都不适用上海教材。希望保留部分教辅功能，满足不同地区的学生需要。,https://cupid.zhenguanyu.com/#/analysis/user-feedback-list?userId=713339383,未触达,,,,候选（需先在关联表确认）
2.73.0::试卷「名校专区」标签::feedback-1044766657-2026/03/18 19:47:36,2.73.0,试卷「名校专区」标签,1044766657,S2,如何手动调节试卷的难度，而不是每次要做完一个之后才问难度,https://cupid.zhenguanyu.com/#/analysis/user-feedback-list?userId=1044766657,未触达,,,,候选（需先在关联表确认）
2.73.0::试卷「名校专区」标签::feedback-639217322-2026/03/18 21:58:21,2.73.0,试卷「名校专区」标签,639217322,S2,我们是五年级的学生，在那个教辅专区里面有一个学霸学霸笔记数学，苏教版第1第1单元简易方程第1单元知识总结回顾。我打开它一共有三个页面，第2个页面怎么打都打不开它就会老是显示故障错误。3/1和3/3可以打开,https://cupid.zhenguanyu.com/#/analysis/user-feedback-list?userId=639217322,未触达,,,,候选（需先在关联表确认）
2.73.0::试卷「名校专区」标签::feedback-169043424-2026/03/19 21:56:15,2.73.0,试卷「名校专区」标签,169043424,S1,素养专区的功能家长无法关闭，点了不允许使用仍然能用。,https://cupid.zhenguanyu.com/#/analysis/user-feedback-list?userId=169043424,未触达,,,,候选（需先在关联表确认）
2.73.0::试卷「名校专区」标签::feedback-381210524-2026/03/19 22:49:24,2.73.0,试卷「名校专区」标签,381210524,S2,许愿：可以上线苏教版小学科学的试卷吗？比如《学霸创新作业本》《4星学霸提高班》,https://cupid.zhenguanyu.com/#/analysis/user-feedback-list?userId=381210524,未触达,,,,候选（需先在关联表确认）
2.73.0::试卷「名校专区」标签::feedback-125844630-2026/03/20 22:15:10,2.73.0,试卷「名校专区」标签,125844630,S6,"1.希望增加泸教版本英语（深圳）
2.深圳这边的试卷太少了，最好细分到区，罗湖区，福田区。
3.建议加新题型
  ",https://cupid.zhenguanyu.com/#/analysis/user-feedback-list?userId=125844630,未触达,,,,候选（需先在关联表确认）
2.73.0::试卷「名校专区」标签::feedback-736832808-2026/03/20 22:29:08,2.73.0,试卷「名校专区」标签,736832808,S2,没有孟建平试卷,https://cupid.zhenguanyu.com/#/analysis/user-feedback-list?userId=736832808,未触达,,,,候选（需先在关联表确认）
2.73.0::试卷「名校专区」标签::feedback-107682164-2026/03/21 18:12:08,2.73.0,试卷「名校专区」标签,107682164,S6,教辅专区没有冀教版的教辅,https://cupid.zhenguanyu.com/#/analysis/user-feedback-list?userId=107682164,未触达,,,,候选（需先在关联表确认）
2.73.0::试卷「名校专区」标签::feedback-381210524-2026/03/21 22:59:05,2.73.0,试卷「名校专区」标签,381210524,S2,云文件里的试卷练习，批改完显示已收录错题本，但是错题本里面没有找到呢…,https://cupid.zhenguanyu.com/#/analysis/user-feedback-list?userId=381210524,未触达,,,,候选（需先在关联表确认）
2.73.0::试卷「名校专区」标签::feedback-1128091395-2026/03/22 15:40:00,2.73.0,试卷「名校专区」标签,1128091395,S6,五三的英语试卷里面我们选的是译林版，但是它上面显示只有人教版,https://cupid.zhenguanyu.com/#/analysis/user-feedback-list?userId=1128091395,未触达,,,,候选（需先在关联表确认）
2.73.0::试卷「名校专区」标签::feedback-1071701960-2026/03/23 09:24:35,2.73.0,试卷「名校专区」标签,1071701960,S2,江苏四年级下册英语试卷练习为啥还没有更新,https://cupid.zhenguanyu.com/#/analysis/user-feedback-list?userId=1071701960,未触达,,,,候选（需先在关联表确认）
2.73.0::试卷「名校专区」标签::feedback-429198940-2026/03/24 22:00:22,2.73.0,试卷「名校专区」标签,429198940,S2,云文件资源的试卷字太小,https://cupid.zhenguanyu.com/#/analysis/user-feedback-list?userId=429198940,未触达,,,,候选（需先在关联表确认）
2.73.0::试卷「名校专区」标签::feedback-495961370-2026/03/29 21:04:51,2.73.0,试卷「名校专区」标签,495961370,S2,教辅专区一直不更新(苏教版,https://cupid.zhenguanyu.com/#/analysis/user-feedback-list?userId=495961370,未触达,,,,候选（需先在关联表确认）
2.73.0::试卷「名校专区」标签::feedback-278728654-2026/03/30 21:34:45,2.73.0,试卷「名校专区」标签,278728654,S2,能否试卷上的书写答案区域位置留宽一点，根本没办法写。,https://cupid.zhenguanyu.com/#/analysis/user-feedback-list?userId=278728654,未触达,,,,候选（需先在关联表确认）
2.73.0::试卷「名校专区」标签::feedback-232264690-2026/04/02 10:48:44,2.73.0,试卷「名校专区」标签,232264690,S6,字体大小怎么不能更改啊？排版也有问题，不能根据自己的需要进行调节，特别是写导入的试卷或者看书的时候，字小的看不清，题留得空也写不进去，太影响使用感受。。。这个强烈建议优化,https://cupid.zhenguanyu.com/#/analysis/user-feedback-list?userId=232264690,未触达,,,,候选（需先在关联表确认）
2.73.0::试卷「名校专区」标签::feedback-626161038-2026/04/02 20:37:39,2.73.0,试卷「名校专区」标签,626161038,S6,还没学过，也没练过，分数的知识点就有掌握度了，而且还是精通，算法有问题。本学期没有做过相关练习，也没有做过试卷测评,https://cupid.zhenguanyu.com/#/analysis/user-feedback-list?userId=626161038,未触达,,,,候选（需先在关联表确认）
2.73.0::试卷「名校专区」标签::feedback-620011218-2026/04/05 20:40:07,2.73.0,试卷「名校专区」标签,620011218,S6,教辅专区实验班提优训练数学第四单元开始没有内容,https://cupid.zhenguanyu.com/#/analysis/user-feedback-list?userId=620011218,未触达,,,,候选（需先在关联表确认）
2.73.0::试卷「名校专区」标签::feedback-654061087-2026/04/06 22:07:03,2.73.0,试卷「名校专区」标签,654061087,S6,做了一张模拟试卷，错了很多题，却没有产生薄弱点。,https://cupid.zhenguanyu.com/#/analysis/user-feedback-list?userId=654061087,未触达,,,,候选（需先在关联表确认）
2.73.0::试卷「名校专区」标签::feedback-509274386-2026/04/07 08:53:53,2.73.0,试卷「名校专区」标签,509274386,S2,试卷中看图题经常遇到没有图,https://cupid.zhenguanyu.com/#/analysis/user-feedback-list?userId=509274386,未触达,,,,候选（需先在关联表确认）
2.73.0::试卷「名校专区」标签::feedback-402696854-2026/04/08 10:51:57,2.73.0,试卷「名校专区」标签,402696854,E1,教辅专区没有陕旅版英语,https://cupid.zhenguanyu.com/#/analysis/user-feedback-list?userId=402696854,未触达,,,,候选（需先在关联表确认）
2.73.0::试卷「名校专区」标签::feedback-1068727607-2026/04/09 09:21:02,2.73.0,试卷「名校专区」标签,1068727607,S2,能不能把小猿上做过的试卷  导出来打印出来呢？,https://cupid.zhenguanyu.com/#/analysis/user-feedback-list?userId=1068727607,未触达,,,,候选（需先在关联表确认）
2.73.0::试卷「名校专区」标签::feedback-720309749-2026/04/10 13:08:38,2.73.0,试卷「名校专区」标签,720309749,S2,"能不能更新一下教材，不要总是这几个，江苏这边的根本不匹配，能不能增加一些江苏这边的亮点给力，亮点默写，亮点大试卷。
53的数学怎么还没有更新，我们都已经上过了，去练题没更新，这个53英语也不匹配",https://cupid.zhenguanyu.com/#/analysis/user-feedback-list?userId=720309749,未触达,,,,候选（需先在关联表确认）
2.73.0::试卷「名校专区」标签::feedback-689707283-2026/04/11 10:52:04,2.73.0,试卷「名校专区」标签,689707283,S2,有没有什么方法将试卷导出？用学练机他字太丑了，并且有时候会把字写在不识别的地方，就判断错误了,https://cupid.zhenguanyu.com/#/analysis/user-feedback-list?userId=689707283,未触达,,,,候选（需先在关联表确认）
2.73.0::试卷「名校专区」标签::feedback-684271306-2026/04/11 20:05:13,2.73.0,试卷「名校专区」标签,684271306,S2,教辅专区里面的英语听力专项提优不能自己进行快进和后退，只有播放和暂停，有时候网络不稳定或者想让小孩重新听某一题的时候，他又重新开始放了,https://cupid.zhenguanyu.com/#/analysis/user-feedback-list?userId=684271306,未触达,,,,候选（需先在关联表确认）
2.73.0::试卷「名校专区」标签::feedback-728156689-2026/04/11 21:05:01,2.73.0,试卷「名校专区」标签,728156689,S2,教辅专区为什么使用不了 做不了 而且做过的题没有识别呢？,https://cupid.zhenguanyu.com/#/analysis/user-feedback-list?userId=728156689,未触达,,,,候选（需先在关联表确认）
2.73.0::试卷「名校专区」标签::feedback-730800068-2026/04/12 09:25:59,2.73.0,试卷「名校专区」标签,730800068,S2,做试卷非常不方便，文章和选择题不在同一版面。应分左右，将选择和文章方同一版面。,https://cupid.zhenguanyu.com/#/analysis/user-feedback-list?userId=730800068,未触达,,,,候选（需先在关联表确认）
2.73.0::试卷「名校专区」标签::feedback-400764440-2026/04/12 16:20:17,2.73.0,试卷「名校专区」标签,400764440,E1,电子书包里面的试卷做完后无法自动保存，也无法导出。家长端后台也无法收到做题记录。历史记录也无。,https://cupid.zhenguanyu.com/#/analysis/user-feedback-list?userId=400764440,未触达,,,,候选（需先在关联表确认）
2.73.0::试卷「名校专区」标签::feedback-693421551-2026/04/14 21:38:14,2.73.0,试卷「名校专区」标签,693421551,S2,试卷整张做完批改后的情况不清楚，错在哪里有时都不知道，尤其是语文，最好能在试卷上反应出来对错，再进行订正,https://cupid.zhenguanyu.com/#/analysis/user-feedback-list?userId=693421551,未触达,,,,候选（需先在关联表确认）
2.73.0::试卷「名校专区」标签::feedback-279666160-2026/04/15 16:21:59,2.73.0,试卷「名校专区」标签,279666160,S2,这都26年5月了快，题试卷不更新，还24年的，特不好的体验感,https://cupid.zhenguanyu.com/#/analysis/user-feedback-list?userId=279666160,未触达,,,,候选（需先在关联表确认）
2.73.0::试卷「名校专区」标签::feedback-655772392-2026/04/17 00:58:43,2.73.0,试卷「名校专区」标签,655772392,S2,家长端和学习机为什么没有关于高中的内容讲解以及各种习题和试卷,https://cupid.zhenguanyu.com/#/analysis/user-feedback-list?userId=655772392,未触达,,,,候选（需先在关联表确认）
2.73.0::试卷「名校专区」标签::feedback-542924924-2026/04/18 13:07:17,2.73.0,试卷「名校专区」标签,542924924,S2,英语板块老是跳舞练习试卷在下面，做了也无法消除，,https://cupid.zhenguanyu.com/#/analysis/user-feedback-list?userId=542924924,未触达,,,,候选（需先在关联表确认）
2.73.0::试卷「名校专区」标签::feedback-395277678-2026/04/21 13:09:37,2.73.0,试卷「名校专区」标签,395277678,S2,教辅专区实验班提优训练没有内容,https://cupid.zhenguanyu.com/#/analysis/user-feedback-list?userId=395277678,未触达,,,,候选（需先在关联表确认）
2.73.0::试卷「名校专区」标签::feedback-722532914-2026/04/21 19:32:25,2.73.0,试卷「名校专区」标签,722532914,S2,教辅专区5.3天天练数学，之前练习一直有错题解析，最近题提交后都没有解析了，不知道怎么回事。三年级下册北师版新课标，数学好玩图书排序开始,https://cupid.zhenguanyu.com/#/analysis/user-feedback-list?userId=722532914,未触达,,,,候选（需先在关联表确认）
2.73.0::试卷「名校专区」标签::feedback-412346376-2026/04/21 20:30:56,2.73.0,试卷「名校专区」标签,412346376,S2,"1.孩子做的是对的，字迹清晰工整，但经常判错
2.四年级下册教辅专区实验班提优训练第四单元以后没有内容",https://cupid.zhenguanyu.com/#/analysis/user-feedback-list?userId=412346376,未触达,,,,候选（需先在关联表确认）
2.73.0::试卷「名校专区」标签::feedback-412346376-2026/04/21 20:34:33,2.73.0,试卷「名校专区」标签,412346376,S2,"四年级下册教辅专区语文、数学、英语实验班提优训练第四单元以后没有内容
",https://cupid.zhenguanyu.com/#/analysis/user-feedback-list?userId=412346376,未触达,,,,候选（需先在关联表确认）
2.73.0::试卷「名校专区」标签::feedback-200613760-2026/04/23 18:18:59,2.73.0,试卷「名校专区」标签,200613760,S2,"1、错题本有删除全部的选择
2、错题本可以编辑标签，这样做题时我可以选择第几单元或者以其他选择题目",https://cupid.zhenguanyu.com/#/analysis/user-feedback-list?userId=200613760,未触达,,,,候选（需先在关联表确认）
2.73.0::试卷「名校专区」标签::feedback-404427096-2026/04/23 19:37:12,2.73.0,试卷「名校专区」标签,404427096,S2,为什么突然教辅内的试卷都不能用,https://cupid.zhenguanyu.com/#/analysis/user-feedback-list?userId=404427096,未触达,,,,候选（需先在关联表确认）
2.73.0::试卷「名校专区」标签::feedback-499490400-2026/04/27 09:18:19,2.73.0,试卷「名校专区」标签,499490400,S2,实验班练习不能用。什么情况？一共练习题就没有多少教辅专区的里。就实验班，学霸，五三  五三还太简单，实验班还不让用。什么情况这是出了新的，旧的就不管啦?,https://cupid.zhenguanyu.com/#/analysis/user-feedback-list?userId=499490400,未触达,,,,候选（需先在关联表确认）
2.73.0::试卷「名校专区」标签::feedback-1084974400-2026/04/27 20:12:44,2.73.0,试卷「名校专区」标签,1084974400,S2,写答案的横线太短了，答案字数多，横线上写不下，写到横线外导致提交试卷识别答案错误，希望把写答案的位置延长一些,https://cupid.zhenguanyu.com/#/analysis/user-feedback-list?userId=1084974400,未触达,,,,候选（需先在关联表确认）
2.73.0::试卷「名校专区」标签::feedback-150327124-2026/04/28 18:26:37,2.73.0,试卷「名校专区」标签,150327124,S2,新增Ai试卷分析功能，但是孩子考试卷都是答题卡，怎么上传做分析。,https://cupid.zhenguanyu.com/#/analysis/user-feedback-list?userId=150327124,未触达,,,,候选（需先在关联表确认）
2.73.0::试卷「名校专区」标签::feedback-532838062-2026/04/29 20:01:10,2.73.0,试卷「名校专区」标签,532838062,S2,教辅专区英语都没有译林版，英语资料短缺,https://cupid.zhenguanyu.com/#/analysis/user-feedback-list?userId=532838062,未触达,,,,候选（需先在关联表确认）
2.73.0::试卷「名校专区」标签::feedback-672281941-2026/05/01 12:30:52,2.73.0,试卷「名校专区」标签,672281941,S2,为啥校内教材的单元检测只能做一次，学练机里面教辅专区题库五四制内容本来就少。现在校内单元检测又有限制，不满意非常不满意,https://cupid.zhenguanyu.com/#/analysis/user-feedback-list?userId=672281941,未触达,,,,候选（需先在关联表确认）
2.73.0::试卷「名校专区」标签::feedback-196786694-2026/05/01 20:09:31,2.73.0,试卷「名校专区」标签,196786694,S6,带孩子外出游玩，写完老师布置的电子版试卷，想回家直接把答完题的试卷打印出来，没有这个功能，希望可以安利这个功能。,https://cupid.zhenguanyu.com/#/analysis/user-feedback-list?userId=196786694,未触达,,,,候选（需先在关联表确认）
2.73.0::试卷「名校专区」标签::feedback-154783520-2026/05/04 12:19:26,2.73.0,试卷「名校专区」标签,154783520,S2,希望增加试卷下载导出功能，我们家长可以将试卷导出打印，纸质书写更容易提升孩子专注力和紧迫感,https://cupid.zhenguanyu.com/#/analysis/user-feedback-list?userId=154783520,未触达,,,,候选（需先在关联表确认）
2.73.0::试卷「名校专区」标签::feedback-683466135-2026/05/04 12:26:39,2.73.0,试卷「名校专区」标签,683466135,S6,"教辅专区的内容有16页，有些内容不匹配相关教材版本。
建议能自定义内容排序，或把正在练习的教辅前移到首页。
谢谢",https://cupid.zhenguanyu.com/#/analysis/user-feedback-list?userId=683466135,未触达,,,,候选（需先在关联表确认）
2.73.0::试卷「名校专区」标签::feedback-309337422-2026/05/05 14:41:41,2.73.0,试卷「名校专区」标签,309337422,S2,试卷的应用题和计算题没有答题的位置，这个试卷是否能够下载打印出来做？,https://cupid.zhenguanyu.com/#/analysis/user-feedback-list?userId=309337422,未触达,,,,候选（需先在关联表确认）
2.73.0::试卷「名校专区」标签::feedback-681355467-2026/05/06 22:37:55,2.73.0,试卷「名校专区」标签,681355467,S2,那个试卷可不可以出一个可以打印试卷的，能够打印机打印的,https://cupid.zhenguanyu.com/#/analysis/user-feedback-list?userId=681355467,未触达,,,,候选（需先在关联表确认）
2.73.0::试卷「名校专区」标签::feedback-1128091395-2026/05/14 20:36:18,2.73.0,试卷「名校专区」标签,1128091395,S6,我写的数学试卷上面有一道题错了，我想要视频讲解，但是视频上面的内容题目和我自己的题目是不一样的，一点都没有关系，然后我又看了我其他的错题也是一样的，视频上面的问题和我自己写的题目根本就不一样。,https://cupid.zhenguanyu.com/#/analysis/user-feedback-list?userId=1128091395,未触达,,,,候选（需先在关联表确认）
2.73.0::试卷「名校专区」标签::feedback-195139188-2026/05/15 10:06:20,2.73.0,试卷「名校专区」标签,195139188,S6,"1，万能本和益智谜题内容不多占用两个菜单，建议合并
2，云文件内建议可以选择列表排列方式，文件多了封面模式刷起来太累了，有文件批量管理比较好
3，云文件有读物类建议在阅读区加一个云文件选项添加，上传教辅练习可以在万能本内添加笔记一栏，可以作为笔记，上传试卷练习可以作为练习本放在万能本里",https://cupid.zhenguanyu.com/#/analysis/user-feedback-list?userId=195139188,未触达,,,,候选（需先在关联表确认）
2.73.0::试卷「名校专区」标签::feedback-242013798-2026/05/16 14:11:43,2.73.0,试卷「名校专区」标签,242013798,S1,数学试卷中计算题，特别是各种类型竖式填写进去都是有问题的。答案对的也不认可。试卷体验感差,https://cupid.zhenguanyu.com/#/analysis/user-feedback-list?userId=242013798,未触达,,,,候选（需先在关联表确认）
2.73.0::试卷「名校专区」标签::feedback-460506056-2026/05/17 11:31:22,2.73.0,试卷「名校专区」标签,460506056,S1,一套试卷，还没有做完，后面的显示空白，怎么回事？,https://cupid.zhenguanyu.com/#/analysis/user-feedback-list?userId=460506056,未触达,,,,候选（需先在关联表确认）
2.73.0::试卷「名校专区」标签::feedback-1136257633-2026/05/17 17:55:30,2.73.0,试卷「名校专区」标签,1136257633,S6,教辅专区如果能添加“一卷搞定”就完美了,https://cupid.zhenguanyu.com/#/analysis/user-feedback-list?userId=1136257633,未触达,,,,候选（需先在关联表确认）
2.73.0::试卷「名校专区」标签::feedback-187021454-2026/05/17 23:43:15,2.73.0,试卷「名校专区」标签,187021454,S6,适合上海的教辅太少了，希望补充《交大培优之星》，或者《名校名卷》这种，哪怕另外收费也可以接受,https://cupid.zhenguanyu.com/#/analysis/user-feedback-list?userId=187021454,未触达,,,,候选（需先在关联表确认）
2.73.0::试卷「名校专区」标签::feedback-535371404-2026/05/18 11:18:53,2.73.0,试卷「名校专区」标签,535371404,S6,英语试卷没有听力,https://cupid.zhenguanyu.com/#/analysis/user-feedback-list?userId=535371404,未触达,,,,候选（需先在关联表确认）
2.73.0::试卷「名校专区」标签::feedback-703072953-2026/05/22 20:48:29,2.73.0,试卷「名校专区」标签,703072953,S6,没有全科ai试卷分析,https://cupid.zhenguanyu.com/#/analysis/user-feedback-list?userId=703072953,未触达,,,,候选（需先在关联表确认）
2.73.0::试卷「名校专区」标签::feedback-423293130-2026/05/26 22:40:51,2.73.0,试卷「名校专区」标签,423293130,S6,学情诊断拍试卷，识别不准，明明对的题也会列入错题本中，有时订正的题是对的，系统会一遍又一遍的批错，搞的很奔溃，希望识别系统能精准，避免不必要的麻烦,https://cupid.zhenguanyu.com/#/analysis/user-feedback-list?userId=423293130,未触达,,,,候选（需先在关联表确认）
2.73.0::试卷「名校专区」标签::feedback-256168810-2026/05/27 09:52:09,2.73.0,试卷「名校专区」标签,256168810,S6,希望教辅增加小学的亮点大试卷或者学霸大试卷,https://cupid.zhenguanyu.com/#/analysis/user-feedback-list?userId=256168810,未触达,,,,候选（需先在关联表确认）
2.73.0::试卷「名校专区」标签::feedback-256168810-2026/05/27 09:53:59,2.73.0,试卷「名校专区」标签,256168810,S6,希望教辅增加小学的亮点大试卷或者学霸大试卷（语文数学都是苏教，英语是译林）,https://cupid.zhenguanyu.com/#/analysis/user-feedback-list?userId=256168810,未触达,,,,候选（需先在关联表确认）
2.73.0::试卷「名校专区」标签::feedback-432006382-2026/05/29 23:33:07,2.73.0,试卷「名校专区」标签,432006382,S6,实验班是有北京新课标数学版的，请增加北京版练习册和试卷,https://cupid.zhenguanyu.com/#/analysis/user-feedback-list?userId=432006382,未触达,,,,候选（需先在关联表确认）
2.73.0::试卷「名校专区」标签::feedback-511590660-2026/06/02 21:51:00,2.73.0,试卷「名校专区」标签,511590660,S6,做完试卷后的评分很不合理。希望有所改进,https://cupid.zhenguanyu.com/#/analysis/user-feedback-list?userId=511590660,未触达,,,,候选（需先在关联表确认）
2.73.0::试卷「名校专区」标签::feedback-258151132-2026/06/04 06:45:56,2.73.0,试卷「名校专区」标签,258151132,S6,模考试卷里面的空格间距能否再大一点啊，填写答案的地方太小了,https://cupid.zhenguanyu.com/#/analysis/user-feedback-list?userId=258151132,未触达,,,,候选（需先在关联表确认）
2.73.0::试卷「名校专区」标签::feedback-524449714-2026/06/06 13:32:36,2.73.0,试卷「名校专区」标签,524449714,S6,初中教材全解体验感不好，里面字体太小，看不清，费眼睛，上传的练习题或者有些真题试卷，还有阅读书里面的字体能放大缩小就好了，还有语文同步教材，里面的字体太灰，不能调节，字体的深浅能调节就更好了,https://cupid.zhenguanyu.com/#/analysis/user-feedback-list?userId=524449714,未触达,,,,候选（需先在关联表确认）
2.73.0::试卷「名校专区」标签::feedback-200584514-2026/06/06 20:07:53,2.73.0,试卷「名校专区」标签,200584514,S6,能不能沪教上点一卷搞定和名校名卷,https://cupid.zhenguanyu.com/#/analysis/user-feedback-list?userId=200584514,未触达,,,,候选（需先在关联表确认）
2.73.0::试卷「名校专区」标签::feedback-644832381-2026/06/07 11:30:36,2.73.0,试卷「名校专区」标签,644832381,S6,教辅专区缺少天津英语的辅导练习册，版本为人教精通版，请添加天津的一飞冲天练习册,https://cupid.zhenguanyu.com/#/analysis/user-feedback-list?userId=644832381,未触达,,,,候选（需先在关联表确认）
2.73.0::试卷「名校专区」标签::feedback-394207652-2026/06/08 10:24:44,2.73.0,试卷「名校专区」标签,394207652,E1,上传的试卷不能放大,https://cupid.zhenguanyu.com/#/analysis/user-feedback-list?userId=394207652,未触达,,,,候选（需先在关联表确认）
2.73.0::试卷「名校专区」标签::feedback-258151132-2026/06/08 14:35:17,2.73.0,试卷「名校专区」标签,258151132,S6,希望各种模拟试卷可以弄成下拉式的，不要用翻页的，有的题跨着两页，使用起来非常不方便,https://cupid.zhenguanyu.com/#/analysis/user-feedback-list?userId=258151132,未触达,,,,候选（需先在关联表确认）
2.73.0::试卷「名校专区」标签::feedback-1137629571-2026/06/08 18:41:51,2.73.0,试卷「名校专区」标签,1137629571,S6,试卷里的模拟考和精准练一模一样都是从头到尾做一遍，精准练提示题目是试卷中的一部分，实际是全部的题目,https://cupid.zhenguanyu.com/#/analysis/user-feedback-list?userId=1137629571,未触达,,,,候选（需先在关联表确认）
2.72.0::AI精准复习-文科（备考）周子威::feedback-130848676-2026/02/19 21:23:59,2.72.0,AI精准复习-文科（备考）,130848676,S6,高中怎么没有复习模考和AI精准复习的功能？,https://cupid.zhenguanyu.com/#/analysis/user-feedback-list?userId=130848676,未触达,,,,候选（需先在关联表确认）
2.72.0::AI精准复习-文科（备考）周子威::feedback-741096975-2026/01/25 19:03:33,2.72.0,AI精准复习-文科（备考）,741096975,S2,没有小学英语新课标重大版教材（三年级起点），小学语文人教版内容与书本上内容有差异。,https://cupid.zhenguanyu.com/#/analysis/user-feedback-list?userId=741096975,未触达,,,,候选（需先在关联表确认）
2.72.0::AI精准复习-文科（备考）周子威::feedback-651571389-2026/03/26 10:58:12,2.72.0,AI精准复习-文科（备考）,651571389,S6,"
几年前买了小猿学练机S2，近期试用了S6，使用下来觉得S6还是没有解决我想要的功能问题，所以决定退回S6，还是继续用S2。具体如下:
1.举一反三功能依然不智能。小孩练习的错题下面虽然有个举一反三的功能，但是推送的题型和错题完全不一样，达不到举一反三的效果。
2.S6有个定制复习计划，明明说的薄弱点是小数的加减运算，但是推送的题目完全不是小数的运算题，题型甚至和小数毫无关联，这让我怀疑你们推送的",https://cupid.zhenguanyu.com/#/analysis/user-feedback-list?userId=651571389,未触达,,,,候选（需先在关联表确认）
2.72.0::AI精准复习-文科（备考）周子威::feedback-725654495-2026/01/14 09:37:12,2.72.0,AI精准复习-文科（备考）,725654495,S2,上海小学英语牛津版在哪里,https://cupid.zhenguanyu.com/#/analysis/user-feedback-list?userId=725654495,未触达,,,,候选（需先在关联表确认）
2.72.0::AI精准复习-文科（备考）周子威::feedback-1102660935-2026/02/01 21:46:56,2.72.0,AI精准复习-文科（备考）,1102660935,S2,怎么没有湘少版小学英语教材，教辅等资料,https://cupid.zhenguanyu.com/#/analysis/user-feedback-list?userId=1102660935,未触达,,,,候选（需先在关联表确认）
2.72.0::AI精准复习-文科（备考）周子威::feedback-413575282-2026/02/09 20:07:09,2.72.0,AI精准复习-文科（备考）,413575282,S2,初中英语不是和我们同步的，还是以前的老版本，坐标武汉,https://cupid.zhenguanyu.com/#/analysis/user-feedback-list?userId=413575282,未触达,,,,候选（需先在关联表确认）
2.72.0::AI精准复习-文科（备考）周子威::feedback-708847966-2026/02/11 17:10:51,2.72.0,AI精准复习-文科（备考）,708847966,E1,请尽快更新小学英语外研新课标教辅，可用典中点。实验班数学更新一下版本，目前还是旧教材的版本。建议英语增加阅读习题训练教辅，听力增加习题教辅内容,https://cupid.zhenguanyu.com/#/analysis/user-feedback-list?userId=708847966,未触达,,,,候选（需先在关联表确认）
2.72.0::AI精准复习-文科（备考）周子威::feedback-551472568-2026/02/19 23:00:37,2.72.0,AI精准复习-文科（备考）,551472568,S2,"        现行小学英语教材有二十余种不同版本，不同版本教材在内容编排、词汇语法呈现等方面存在差异，你们可能无法提供全面的教材内容。
        建议：提供音标学习资源，音标作为英语的学习基础，能帮助孩子更好地掌握发音规则，为后续的听说读写打下扎实基础，这也是值得考虑的补充方向。",https://cupid.zhenguanyu.com/#/analysis/user-feedback-list?userId=551472568,未触达,,,,候选（需先在关联表确认）
2.72.0::AI精准复习-文科（备考）周子威::feedback-306626804-2026/03/05 21:43:32,2.72.0,AI精准复习-文科（备考）,306626804,S2,建议设有初中英语仁爱版,https://cupid.zhenguanyu.com/#/analysis/user-feedback-list?userId=306626804,未触达,,,,候选（需先在关联表确认）
2.72.0::AI精准复习-文科（备考）周子威::feedback-1124642226-2026/03/06 23:13:42,2.72.0,AI精准复习-文科（备考）,1124642226,S6,冀教版小学新课标的英语练习册/书太少了，好像是一本都没有。不论是五三天天练还是其他的，都没有冀教版新课标小学英语的,https://cupid.zhenguanyu.com/#/analysis/user-feedback-list?userId=1124642226,未触达,,,,候选（需先在关联表确认）
2.72.0::AI精准复习-文科（备考）周子威::feedback-165846766-2026/03/09 22:03:46,2.72.0,AI精准复习-文科（备考）,165846766,S2,希望能够增加中小学英语武汉版的教辅,https://cupid.zhenguanyu.com/#/analysis/user-feedback-list?userId=165846766,未触达,,,,候选（需先在关联表确认）
2.72.0::AI精准复习-文科（备考）周子威::feedback-275701684-2026/03/10 20:47:30,2.72.0,AI精准复习-文科（备考）,275701684,S2,小学语文没有重点古诗和需要背诵内容的专项默写功能。,https://cupid.zhenguanyu.com/#/analysis/user-feedback-list?userId=275701684,未触达,,,,候选（需先在关联表确认）
2.72.0::AI精准复习-文科（备考）周子威::feedback-557245080-2026/03/16 23:09:43,2.72.0,AI精准复习-文科（备考）,557245080,S2,小学语文书，有认字要求，希望能增加这个认字功能,https://cupid.zhenguanyu.com/#/analysis/user-feedback-list?userId=557245080,未触达,,,,候选（需先在关联表确认）
2.72.0::AI精准复习-文科（备考）周子威::feedback-531643546-2026/04/04 14:51:53,2.72.0,AI精准复习-文科（备考）,531643546,S2,天津的小学英语教材用的快乐英语，找不到同步教材,https://cupid.zhenguanyu.com/#/analysis/user-feedback-list?userId=531643546,未触达,,,,候选（需先在关联表确认）
2.72.0::AI精准复习-文科（备考）周子威::feedback-255647476-2026/01/03 21:00:51,2.72.0,AI精准复习-文科（备考）,255647476,S2,题目批改全对，但是还是说薄弱点未攻克，已经出现很多次改情况。,https://cupid.zhenguanyu.com/#/analysis/user-feedback-list?userId=255647476,未触达,,,,候选（需先在关联表确认）
2.72.0::AI精准复习-文科（备考）周子威::feedback-1080070147-2026/01/06 11:19:27,2.72.0,AI精准复习-文科（备考）,1080070147,S2,"1、薄弱点攻克，一次性全对的题他还是说没有攻克。
2、AI推荐任务连续推荐同样的内容。",https://cupid.zhenguanyu.com/#/analysis/user-feedback-list?userId=1080070147,未触达,,,,候选（需先在关联表确认）
2.72.0::AI精准复习-文科（备考）周子威::feedback-566725942-2026/01/11 22:29:21,2.72.0,AI精准复习-文科（备考）,566725942,S2,英语冀教版新课标，4年级下册，  教材同步_错题本_薄弱点_推出英语举一反三，语法训练，连词成句，阅读理解有针对性的专项练习,https://cupid.zhenguanyu.com/#/analysis/user-feedback-list?userId=566725942,未触达,,,,候选（需先在关联表确认）
2.72.0::AI精准复习-文科（备考）周子威::feedback-247208470-2026/01/14 18:56:28,2.72.0,AI精准复习-文科（备考）,247208470,S2,孩子攻克的薄弱点全对，，为了什么还是提示没有攻克薄弱点,https://cupid.zhenguanyu.com/#/analysis/user-feedback-list?userId=247208470,未触达,,,,候选（需先在关联表确认）
2.72.0::AI精准复习-文科（备考）周子威::feedback-748205184-2026/01/17 11:10:19,2.72.0,AI精准复习-文科（备考）,748205184,S2,薄弱点突破所有题目都做对了，还是显示没有突破，连续几次了,https://cupid.zhenguanyu.com/#/analysis/user-feedback-list?userId=748205184,未触达,,,,候选（需先在关联表确认）
2.72.0::AI精准复习-文科（备考）周子威::feedback-1006279703-2026/01/18 11:53:34,2.72.0,AI精准复习-文科（备考）,1006279703,S6,薄弱点已经攻克完了，但是还是显示有一个薄热点,https://cupid.zhenguanyu.com/#/analysis/user-feedback-list?userId=1006279703,未触达,,,,候选（需先在关联表确认）
2.72.0::AI精准复习-文科（备考）周子威::feedback-1006279703-2026/01/18 11:54:59,2.72.0,AI精准复习-文科（备考）,1006279703,S6,薄弱点当天全都做完了，还显示有薄弱点,https://cupid.zhenguanyu.com/#/analysis/user-feedback-list?userId=1006279703,未触达,,,,候选（需先在关联表确认）
2.72.0::AI精准复习-文科（备考）周子威::feedback-108784002-2026/01/23 19:22:03,2.72.0,AI精准复习-文科（备考）,108784002,S2,为什么全对还告诉我没能攻克薄弱点呢,https://cupid.zhenguanyu.com/#/analysis/user-feedback-list?userId=108784002,未触达,,,,候选（需先在关联表确认）
2.72.0::AI精准复习-文科（备考）周子威::feedback-252809644-2026/01/25 21:09:35,2.72.0,AI精准复习-文科（备考）,252809644,S2,薄弱点打不开,https://cupid.zhenguanyu.com/#/analysis/user-feedback-list?userId=252809644,未触达,,,,候选（需先在关联表确认）
2.72.0::AI精准复习-文科（备考）周子威::feedback-187209798-2026/01/28 10:42:10,2.72.0,AI精准复习-文科（备考）,187209798,S6,"1.导入的电子书什么时候可以改字体和字号
2.专项听写手动录入的词汇什么时候可以保存，不要丢失
3.反应速度还是很慢
4.语文可以做精准学吗",https://cupid.zhenguanyu.com/#/analysis/user-feedback-list?userId=187209798,未触达,,,,候选（需先在关联表确认）
2.72.0::AI精准复习-文科（备考）周子威::feedback-566366973-2026/01/29 10:20:06,2.72.0,AI精准复习-文科（备考）,566366973,S2,ai这块建议增加题型设计功能，比如知道孩子的知识薄弱点了，需要加强，可以根据家长要求出题出卷，配合举一反三，加强练，现在举一反三的出题，有点偏离薄弱点或者说不突出。,https://cupid.zhenguanyu.com/#/analysis/user-feedback-list?userId=566366973,未触达,,,,候选（需先在关联表确认）
2.72.0::AI精准复习-文科（备考）周子威::feedback-218206324-2026/01/31 14:15:40,2.72.0,AI精准复习-文科（备考）,218206324,S2,明明孩子全部做对，还是显示没能攻克薄弱点，孩子很伤心！,https://cupid.zhenguanyu.com/#/analysis/user-feedback-list?userId=218206324,未触达,,,,候选（需先在关联表确认）
2.72.0::AI精准复习-文科（备考）周子威::feedback-689993631-2026/01/31 14:59:55,2.72.0,AI精准复习-文科（备考）,689993631,S2,AI错题本这里有一些问题，数学这里的本周新增的薄弱点，。上面显示的是两个，旁边的本周攻克的薄弱点显示的是0个。可下面却说已经掌握了本周全部薄弱点。这是让我们用户不太理解的，希望加快改进呢！🙏🙏,https://cupid.zhenguanyu.com/#/analysis/user-feedback-list?userId=689993631,未触达,,,,候选（需先在关联表确认）
2.72.0::AI精准复习-文科（备考）周子威::feedback-1083825590-2026/01/31 16:14:50,2.72.0,AI精准复习-文科（备考）,1083825590,S2,这是咋了？明明全对了，为什么还说没能攻克薄弱点呢？,https://cupid.zhenguanyu.com/#/analysis/user-feedback-list?userId=1083825590,未触达,,,,候选（需先在关联表确认）
2.72.0::AI精准复习-文科（备考）周子威::feedback-427583628-2026/02/01 21:10:01,2.72.0,AI精准复习-文科（备考）,427583628,S6,教辅专区里的试卷完成后，AI诊断功能并不能针对教辅专区里的试卷完成的结果，进行评分和相关薄弱点的举一反三是试题推送,https://cupid.zhenguanyu.com/#/analysis/user-feedback-list?userId=427583628,未触达,,,,候选（需先在关联表确认）
2.72.0::AI精准复习-文科（备考）周子威::feedback-1124155298-2026/02/06 21:00:47,2.72.0,AI精准复习-文科（备考）,1124155298,S6,攻克一次薄弱点任务，完成了也不刷新,https://cupid.zhenguanyu.com/#/analysis/user-feedback-list?userId=1124155298,未触达,,,,候选（需先在关联表确认）
2.72.0::AI精准复习-文科（备考）周子威::feedback-1070826457-2026/02/08 22:32:42,2.72.0,AI精准复习-文科（备考）,1070826457,S2,薄弱点批改全对，但每次都提示没有攻破，进而产生更多的薄弱点,https://cupid.zhenguanyu.com/#/analysis/user-feedback-list?userId=1070826457,未触达,,,,候选（需先在关联表确认）
2.72.0::AI精准复习-文科（备考）周子威::feedback-272574052-2026/02/25 14:33:02,2.72.0,AI精准复习-文科（备考）,272574052,S2,错题扫上去生成不了薄弱点,https://cupid.zhenguanyu.com/#/analysis/user-feedback-list?userId=272574052,未触达,,,,候选（需先在关联表确认）
2.72.0::AI精准复习-文科（备考）周子威::feedback-458808414-2026/02/28 14:09:07,2.72.0,AI精准复习-文科（备考）,458808414,S2,在学练机上做了同步练习，但是错题都没纳入错题本，也没有纳入薄弱点,https://cupid.zhenguanyu.com/#/analysis/user-feedback-list?userId=458808414,未触达,,,,候选（需先在关联表确认）
2.72.0::AI精准复习-文科（备考）周子威::feedback-458808414-2026/02/28 14:10:13,2.72.0,AI精准复习-文科（备考）,458808414,S2,在学练机上做了同步练习，但是错题都没纳入错题本，也没有纳入薄弱点,https://cupid.zhenguanyu.com/#/analysis/user-feedback-list?userId=458808414,未触达,,,,候选（需先在关联表确认）
2.72.0::AI精准复习-文科（备考）周子威::feedback-308965824-2026/02/28 15:19:14,2.72.0,AI精准复习-文科（备考）,308965824,S2,这个薄弱点明明已经通关了，但是这个屏幕显示一直都是还有一个薄弱点，我建议起到一些删除薄弱点的作用，但要家长同意，比如发信息之类,https://cupid.zhenguanyu.com/#/analysis/user-feedback-list?userId=308965824,未触达,,,,候选（需先在关联表确认）
2.72.0::AI精准复习-文科（备考）周子威::feedback-665925367-2026/03/07 20:58:49,2.72.0,AI精准复习-文科（备考）,665925367,S6,薄弱点栏目中添加英语这个学科,https://cupid.zhenguanyu.com/#/analysis/user-feedback-list?userId=665925367,未触达,,,,候选（需先在关联表确认）
2.72.0::AI精准复习-文科（备考）周子威::feedback-738745375-2026/03/12 21:10:47,2.72.0,AI精准复习-文科（备考）,738745375,S6,这里说我们有一个阶段测评，在阶段测评里边还有一个精准学，但是我在我的本上没有找到这两项呀。,https://cupid.zhenguanyu.com/#/analysis/user-feedback-list?userId=738745375,未触达,,,,候选（需先在关联表确认）
2.72.0::AI精准复习-文科（备考）周子威::feedback-743411420-2026/03/13 19:59:17,2.72.0,AI精准复习-文科（备考）,743411420,S2,语文的薄弱点已攻克，批改全对，请问为何还是显示攻克数为0？,https://cupid.zhenguanyu.com/#/analysis/user-feedback-list?userId=743411420,未触达,,,,候选（需先在关联表确认）
2.72.0::AI精准复习-文科（备考）周子威::feedback-642191048-2026/03/23 20:39:32,2.72.0,AI精准复习-文科（备考）,642191048,S2,收录拍照了10道错题，没有一个薄弱点生成，上学期都有，是怎么回事,https://cupid.zhenguanyu.com/#/analysis/user-feedback-list?userId=642191048,未触达,,,,候选（需先在关联表确认）
2.72.0::AI精准复习-文科（备考）周子威::feedback-842478978-2026/04/02 06:41:11,2.72.0,AI精准复习-文科（备考）,842478978,S2,请把语文和英语生物地理的薄弱点加到错题本里谢谢,https://cupid.zhenguanyu.com/#/analysis/user-feedback-list?userId=842478978,未触达,,,,候选（需先在关联表确认）
2.72.0::AI精准复习-文科（备考）周子威::feedback-654061087-2026/04/06 22:07:03,2.72.0,AI精准复习-文科（备考）,654061087,S6,做了一张模拟试卷，错了很多题，却没有产生薄弱点。,https://cupid.zhenguanyu.com/#/analysis/user-feedback-list?userId=654061087,未触达,,,,候选（需先在关联表确认）
2.72.0::AI精准复习-文科（备考）周子威::feedback-225558408-2026/04/13 21:00:34,2.72.0,AI精准复习-文科（备考）,225558408,S2,卡顿，闪退，薄弱点批改无法完成,https://cupid.zhenguanyu.com/#/analysis/user-feedback-list?userId=225558408,未触达,,,,候选（需先在关联表确认）
2.72.0::AI精准复习-文科（备考）周子威::feedback-423293130-2026/05/26 22:36:26,2.72.0,AI精准复习-文科（备考）,423293130,S6,语文全部薄弱点里的生字词，精准练用不了，点击进去就是服务异常的页面,https://cupid.zhenguanyu.com/#/analysis/user-feedback-list?userId=423293130,未触达,,,,候选（需先在关联表确认）
2.72.0::AI精准复习-文科（备考）周子威::feedback-616176705-2026/05/30 10:18:30,2.72.0,AI精准复习-文科（备考）,616176705,S1,全对但是说没有攻克薄弱点,https://cupid.zhenguanyu.com/#/analysis/user-feedback-list?userId=616176705,未触达,,,,候选（需先在关联表确认）
2.72.0::AI精准复习-文科（备考）周子威::feedback-354654038-2026/01/03 12:54:39,2.72.0,AI精准复习-文科（备考）,354654038,S2,东北地区的期末考试已经结束了，期末复习的功能却还没有上线。。。,https://cupid.zhenguanyu.com/#/analysis/user-feedback-list?userId=354654038,未触达,,,,候选（需先在关联表确认）
2.72.0::AI精准复习-文科（备考）周子威::feedback-217812010-2026/01/05 19:04:32,2.72.0,AI精准复习-文科（备考）,217812010,S2,"孩子用专项突破中的“看拼音写生字”功能，中间少选了几课，查不出来少了哪个，这里最好标注一下哪些写过了。
还有希望能看到所有课本的生字汇总，这样可以总体所有生字一起复习，而不是现在需要一个学期一个学期去复习。如果能添加上艾宾浩斯记忆法复习生字就更好了",https://cupid.zhenguanyu.com/#/analysis/user-feedback-list?userId=217812010,未触达,,,,候选（需先在关联表确认）
2.72.0::AI精准复习-文科（备考）周子威::feedback-210936856-2026/01/07 21:34:31,2.72.0,AI精准复习-文科（备考）,210936856,S2,期末复习教辅或者其它题目时，可能没电突然关机设备没有保存作业痕迹。这样导致又得重新做一遍很浪费时间。,https://cupid.zhenguanyu.com/#/analysis/user-feedback-list?userId=210936856,未触达,,,,候选（需先在关联表确认）
2.72.0::AI精准复习-文科（备考）周子威::feedback-463919518-2026/01/10 21:50:08,2.72.0,AI精准复习-文科（备考）,463919518,S2,"1.考前闯关复习题我们考完试了才更新出来。
2.现在已经放寒假了，寒假大作战还没更新。希望能及时提前更新。",https://cupid.zhenguanyu.com/#/analysis/user-feedback-list?userId=463919518,未触达,,,,候选（需先在关联表确认）
2.72.0::AI精准复习-文科（备考）周子威::feedback-413819224-2026/01/11 11:11:37,2.72.0,AI精准复习-文科（备考）,413819224,S2,寒假预复习计划什么时候有？,https://cupid.zhenguanyu.com/#/analysis/user-feedback-list?userId=413819224,未触达,,,,候选（需先在关联表确认）
2.72.0::AI精准复习-文科（备考）周子威::feedback-632784980-2026/01/11 12:35:25,2.72.0,AI精准复习-文科（备考）,632784980,S2,AI期末个性复习，最后一关总是提示不对，反复改了（改的绝对正确，家长改了几遍，孩子改了几遍，小猿无法识别）无法进行下一关，请设置可以往下进行闯关，一家要疯了,https://cupid.zhenguanyu.com/#/analysis/user-feedback-list?userId=632784980,未触达,,,,候选（需先在关联表确认）
2.72.0::AI精准复习-文科（备考）周子威::feedback-632784980-2026/01/11 12:36:09,2.72.0,AI精准复习-文科（备考）,632784980,S2,AI复习闯关可以跳关,https://cupid.zhenguanyu.com/#/analysis/user-feedback-list?userId=632784980,未触达,,,,候选（需先在关联表确认）
2.72.0::AI精准复习-文科（备考）周子威::feedback-392430452-2026/01/11 13:42:05,2.72.0,AI精准复习-文科（备考）,392430452,S6,期末复习，希望增加英语和语文及语文和英语试卷分享功能,https://cupid.zhenguanyu.com/#/analysis/user-feedback-list?userId=392430452,未触达,,,,候选（需先在关联表确认）
2.72.0::AI精准复习-文科（备考）周子威::feedback-620716562-2026/01/12 22:05:47,2.72.0,AI精准复习-文科（备考）,620716562,S2,课本教材不能及时更新！没办法预习！建议小猿及时更新教材，上传到设备,https://cupid.zhenguanyu.com/#/analysis/user-feedback-list?userId=620716562,未触达,,,,候选（需先在关联表确认）
2.72.0::AI精准复习-文科（备考）周子威::feedback-1062227390-2026/01/13 19:11:31,2.72.0,AI精准复习-文科（备考）,1062227390,S2,能不能优化一下不会的字词加入生字生词本，便于复习查缺补漏,https://cupid.zhenguanyu.com/#/analysis/user-feedback-list?userId=1062227390,未触达,,,,候选（需先在关联表确认）
2.72.0::AI精准复习-文科（备考）周子威::feedback-580773559-2026/01/15 17:15:45,2.72.0,AI精准复习-文科（备考）,580773559,S6,"今日复习这个位置是0
如何复习，找不到可以复习的按钮，以至于今日复习一直是0",https://cupid.zhenguanyu.com/#/analysis/user-feedback-list?userId=580773559,未触达,,,,候选（需先在关联表确认）
2.72.0::AI精准复习-文科（备考）周子威::feedback-190425874-2026/01/16 08:54:45,2.72.0,AI精准复习-文科（备考）,190425874,S6,所有的图书，字都太小，又不能调整大小，根本用不上，那么多图书，白搭，太浪费了。语文专项练习：1，古诗应该增加一项，背诵默写，尤其是默写，这方面某帮s50学练机有；2，课文点读，背诵课文这块，字也是太小，导致很不好用，孩子看着很不舒服，也不利于护眼。这方面也是某帮做得更好。我买了小猿s6和某帮s50，对比，最后打算留小猿，最主要看中小猿的护眼屏幕，外加理科方面小猿推题和讲解相对更精准。但文科方面确实,https://cupid.zhenguanyu.com/#/analysis/user-feedback-list?userId=190425874,未触达,,,,候选（需先在关联表确认）
2.72.0::AI精准复习-文科（备考）周子威::feedback-190425874-2026/01/16 08:55:16,2.72.0,AI精准复习-文科（备考）,190425874,S6,所有的图书，字都太小，又不能调整大小，根本用不上，那么多图书，白搭，太浪费了。语文专项练习：1，古诗应该增加一项，背诵默写，尤其是默写，这方面某帮s50学练机有；2，课文点读，背诵课文这块，字也是太小，导致很不好用，孩子看着很不舒服，也不利于护眼。这方面也是某帮做得更好。我买了小猿s6和某帮s50，对比，最后打算留小猿，最主要看中小猿的护眼屏幕，外加理科方面小猿推题和讲解相对更精准。但文科方面确实,https://cupid.zhenguanyu.com/#/analysis/user-feedback-list?userId=190425874,未触达,,,,候选（需先在关联表确认）
2.72.0::AI精准复习-文科（备考）周子威::feedback-369260854-2026/01/17 20:13:01,2.72.0,AI精准复习-文科（备考）,369260854,S2,"
 
“你好，想反馈一个功能建议：希望在四年级语文板块，把每个单元的‘日积月累’和课文里的必默古诗，单独做一个‘必默专区’。最好能按单元/教材版本分类，支持一键筛选、批量默写、自动批改，方便孩子集中练习和复习。孩子现在用的是[四年级]、[人教版]，麻烦帮忙评估上线~”
 
",https://cupid.zhenguanyu.com/#/analysis/user-feedback-list?userId=369260854,未触达,,,,候选（需先在关联表确认）
2.72.0::AI精准复习-文科（备考）周子威::feedback-420795158-2026/01/19 13:01:32,2.72.0,AI精准复习-文科（备考）,420795158,S2,英语自定义单词背诵，可以添加到课本单元里，但是退出听写后就清空了，希望有一个自定义单词的地方收集薄弱单词能反复复习巩固。,https://cupid.zhenguanyu.com/#/analysis/user-feedback-list?userId=420795158,未触达,,,,候选（需先在关联表确认）
2.72.0::AI精准复习-文科（备考）周子威::feedback-348372962-2026/01/19 13:18:59,2.72.0,AI精准复习-文科（备考）,348372962,S2,二年级下册的语文为什么没有整片的课文原文，讲解也没有，小结也没有，只有卷子，孩子还没看课文，提前也复习不了，就让做卷子,https://cupid.zhenguanyu.com/#/analysis/user-feedback-list?userId=348372962,未触达,,,,候选（需先在关联表确认）
2.72.0::AI精准复习-文科（备考）周子威::feedback-1048484689-2026/01/19 16:48:52,2.72.0,AI精准复习-文科（备考）,1048484689,S6,期末总复习只有数学一科，英语和语文没有？,https://cupid.zhenguanyu.com/#/analysis/user-feedback-list?userId=1048484689,未触达,,,,候选（需先在关联表确认）
2.72.0::AI精准复习-文科（备考）周子威::feedback-510492685-2026/01/20 17:09:50,2.72.0,AI精准复习-文科（备考）,510492685,S2,都1月20号了，孩子已经放假13天了，寒假作业还没出来，目前还显示在复习阶段。建议下次寒假1月初，暑假7月初就同步出寒/暑假计划。,https://cupid.zhenguanyu.com/#/analysis/user-feedback-list?userId=510492685,未触达,,,,候选（需先在关联表确认）
2.72.0::AI精准复习-文科（备考）周子威::feedback-227391080-2026/01/21 17:24:02,2.72.0,AI精准复习-文科（备考）,227391080,S6,整体不错但是沪教版除了一课一练配套教辅希望在多点别的出版社，对于沪教版有点少，英语希望能增加和数学语文一样的精准推荐，复习模考沪教版也比较少希望后续能多提升,https://cupid.zhenguanyu.com/#/analysis/user-feedback-list?userId=227391080,未触达,,,,候选（需先在关联表确认）
2.72.0::AI精准复习-文科（备考）周子威::feedback-379423750-2026/01/24 08:25:32,2.72.0,AI精准复习-文科（备考）,379423750,S2,希望语数英都有课堂笔记，有效提高孩子的预习。,https://cupid.zhenguanyu.com/#/analysis/user-feedback-list?userId=379423750,未触达,,,,候选（需先在关联表确认）
2.72.0::AI精准复习-文科（备考）周子威::feedback-515443141-2026/01/25 19:44:42,2.72.0,AI精准复习-文科（备考）,515443141,S6,专项突破里面背单词，背的单词不能复习,https://cupid.zhenguanyu.com/#/analysis/user-feedback-list?userId=515443141,未触达,,,,候选（需先在关联表确认）
2.72.0::AI精准复习-文科（备考）周子威::feedback-138290726-2026/01/29 10:42:39,2.72.0,AI精准复习-文科（备考）,138290726,S2,请问小袁的学习内容能不能提前更新为下学期的内容便于学生预习，往回复！,https://cupid.zhenguanyu.com/#/analysis/user-feedback-list?userId=138290726,未触达,,,,候选（需先在关联表确认）
2.72.0::AI精准复习-文科（备考）周子威::feedback-696621686-2026/01/31 22:44:56,2.72.0,AI精准复习-文科（备考）,696621686,S2,数学小复习的应用题出的是计算或者是选择题什么的，就是不出应用题,https://cupid.zhenguanyu.com/#/analysis/user-feedback-list?userId=696621686,未触达,,,,候选（需先在关联表确认）
2.72.0::AI精准复习-文科（备考）周子威::feedback-696621686-2026/01/31 22:48:08,2.72.0,AI精准复习-文科（备考）,696621686,S2,数学小复习出的应用题不是应用题，是计算题或者选择题。,https://cupid.zhenguanyu.com/#/analysis/user-feedback-list?userId=696621686,未触达,,,,候选（需先在关联表确认）
2.72.0::AI精准复习-文科（备考）周子威::feedback-287158486-2026/02/04 20:46:45,2.72.0,AI精准复习-文科（备考）,287158486,S2,想把经常用的教辅材料收藏或置顶，这样方便复习,https://cupid.zhenguanyu.com/#/analysis/user-feedback-list?userId=287158486,未触达,,,,候选（需先在关联表确认）
2.72.0::AI精准复习-文科（备考）周子威::feedback-374088314-2026/02/05 07:47:12,2.72.0,AI精准复习-文科（备考）,374088314,S1,今年的寒假大作战怎么没有了？初三的复习专项也没有？,https://cupid.zhenguanyu.com/#/analysis/user-feedback-list?userId=374088314,未触达,,,,候选（需先在关联表确认）
2.72.0::AI精准复习-文科（备考）周子威::feedback-250989502-2026/02/05 08:03:46,2.72.0,AI精准复习-文科（备考）,250989502,S2,能否增加语文，数学，英语，科学等单元重点知识点总结，这样更方便孩子进行知识点复习,https://cupid.zhenguanyu.com/#/analysis/user-feedback-list?userId=250989502,未触达,,,,候选（需先在关联表确认）
2.72.0::AI精准复习-文科（备考）周子威::feedback-1047582075-2026/02/22 14:03:26,2.72.0,AI精准复习-文科（备考）,1047582075,S2,我家孩子以前上1年级2年级时有写过同步练习到三年级时我想让她全部复习一次结果，1年级2年级写的全部找不到了 是怎么回事,https://cupid.zhenguanyu.com/#/analysis/user-feedback-list?userId=1047582075,未触达,,,,候选（需先在关联表确认）
2.72.0::AI精准复习-文科（备考）周子威::feedback-220439406-2026/02/23 20:33:28,2.72.0,AI精准复习-文科（备考）,220439406,S2,为什么没有S6的考试复习,https://cupid.zhenguanyu.com/#/analysis/user-feedback-list?userId=220439406,未触达,,,,候选（需先在关联表确认）
2.72.0::AI精准复习-文科（备考）周子威::feedback-405808718-2026/03/04 22:12:11,2.72.0,AI精准复习-文科（备考）,405808718,E1,字词听写之前有没有关于这个字的笔顺组词等相关的学习内容，特别是预习的时候，想学习一下这节课的字没有能学习的内容；英语也是，英语单词中没有音标和学习这个单词并组词造句的内容；建议增加字词的学习内容后再听写。,https://cupid.zhenguanyu.com/#/analysis/user-feedback-list?userId=405808718,未触达,,,,候选（需先在关联表确认）
2.72.0::AI精准复习-文科（备考）周子威::feedback-214969930-2026/03/05 01:19:31,2.72.0,AI精准复习-文科（备考）,214969930,S6,"语文英语默写错误的词不会到错题本，后期无法针对性复习。
英语绘本跟读自己无法暂停，没有缓冲时间。不会的单词也无法点读
无法针对艾宾浩斯学的单词进行有效默写
",https://cupid.zhenguanyu.com/#/analysis/user-feedback-list?userId=214969930,未触达,,,,候选（需先在关联表确认）
2.72.0::AI精准复习-文科（备考）周子威::feedback-473792868-2026/03/09 15:22:23,2.72.0,AI精准复习-文科（备考）,473792868,S2,希望增加小升初的提前预习课程,https://cupid.zhenguanyu.com/#/analysis/user-feedback-list?userId=473792868,未触达,,,,候选（需先在关联表确认）
2.72.0::AI精准复习-文科（备考）周子威::feedback-552120439-2026/03/09 21:12:40,2.72.0,AI精准复习-文科（备考）,552120439,S2,小学数学，语文，数学，英语没有预习视频吗,https://cupid.zhenguanyu.com/#/analysis/user-feedback-list?userId=552120439,未触达,,,,候选（需先在关联表确认）
2.72.0::AI精准复习-文科（备考）周子威::feedback-230280978-2026/03/11 22:14:56,2.72.0,AI精准复习-文科（备考）,230280978,S6,强烈建议有字体放大功能，练习字太小了，读书复习字也小，拼音跟笔尖一样小，真的看起来太累了，对用眼不友好。强烈建议文字放大！！谢谢工程师！！！！,https://cupid.zhenguanyu.com/#/analysis/user-feedback-list?userId=230280978,未触达,,,,候选（需先在关联表确认）
2.72.0::AI精准复习-文科（备考）周子威::feedback-176779754-2026/03/15 21:37:59,2.72.0,AI精准复习-文科（备考）,176779754,S2,校内同步有课程预习就更好了,https://cupid.zhenguanyu.com/#/analysis/user-feedback-list?userId=176779754,未触达,,,,候选（需先在关联表确认）
2.72.0::AI精准复习-文科（备考）周子威::feedback-684533243-2026/03/22 11:24:35,2.72.0,AI精准复习-文科（备考）,684533243,S6,英语和语文没有像数学一样的AI复习功能,https://cupid.zhenguanyu.com/#/analysis/user-feedback-list?userId=684533243,未触达,,,,候选（需先在关联表确认）
2.72.0::AI精准复习-文科（备考）周子威::feedback-133829872-2026/03/22 19:23:14,2.72.0,AI精准复习-文科（备考）,133829872,S6,增加“题目保存进度，下次继续做”的功能。使用发现5.3归类复习，语文三下，无此功能。,https://cupid.zhenguanyu.com/#/analysis/user-feedback-list?userId=133829872,未触达,,,,候选（需先在关联表确认）
2.72.0::AI精准复习-文科（备考）周子威::feedback-747676592-2026/03/22 21:56:00,2.72.0,AI精准复习-文科（备考）,747676592,S2,在专项突破中，背单词怎么只有今天新学的内容，没有今日复习的内容呢？,https://cupid.zhenguanyu.com/#/analysis/user-feedback-list?userId=747676592,未触达,,,,候选（需先在关联表确认）
2.72.0::AI精准复习-文科（备考）周子威::feedback-67156186-2026/03/23 21:55:06,2.72.0,AI精准复习-文科（备考）,67156186,S6,希望听写中使用了提示功能的词汇直接进入错题本：【专项突破-英语单词听写和语文字词听写】：听写时，语音播报手动点击多次会出现提示功能，提示完整展现了需要默写的词汇，孩子可以直接照抄。最后成绩全对，但其中水分不小，家长不在旁边难以辨别真实成绩。提示功能确实需要，但是提示词汇最好直接算错，进入错题本，帮助孩子后续复习巩固生疏字词。,https://cupid.zhenguanyu.com/#/analysis/user-feedback-list?userId=67156186,未触达,,,,候选（需先在关联表确认）
2.72.0::AI精准复习-文科（备考）周子威::feedback-985794848-2026/03/23 22:10:07,2.72.0,AI精准复习-文科（备考）,985794848,S6,系统没有课前预习，没有课前阅读。,https://cupid.zhenguanyu.com/#/analysis/user-feedback-list?userId=985794848,未触达,,,,候选（需先在关联表确认）
2.72.0::AI精准复习-文科（备考）周子威::feedback-1119299293-2026/03/24 10:18:07,2.72.0,AI精准复习-文科（备考）,1119299293,S6,云文件上传限制文件大小，使用起来不方便。而且教辅的功能中只有练习册，而没有课程辅导书，不能进行预习。,https://cupid.zhenguanyu.com/#/analysis/user-feedback-list?userId=1119299293,未触达,,,,候选（需先在关联表确认）
2.72.0::AI精准复习-文科（备考）周子威::feedback-194310640-2026/03/24 15:12:57,2.72.0,AI精准复习-文科（备考）,194310640,S2,专项突破中的字词听写和单词听写没有记录，在机器上找不到练习的错误的记录，找统计错了多少单词生字，哪个错了，需要加强练习的地方没有提示，相对比较费劲，错误了的需要练习的单独再一个地方能找到，能专项单独复习练习就好了,https://cupid.zhenguanyu.com/#/analysis/user-feedback-list?userId=194310640,未触达,,,,候选（需先在关联表确认）
2.72.0::AI精准复习-文科（备考）周子威::feedback-175426920-2026/03/24 20:42:50,2.72.0,AI精准复习-文科（备考）,175426920,S2,背单词里背过的单词没有复习项,https://cupid.zhenguanyu.com/#/analysis/user-feedback-list?userId=175426920,未触达,,,,候选（需先在关联表确认）
2.72.0::AI精准复习-文科（备考）周子威::feedback-985794848-2026/03/30 12:28:17,2.72.0,AI精准复习-文科（备考）,985794848,S6,没有预习,https://cupid.zhenguanyu.com/#/analysis/user-feedback-list?userId=985794848,未触达,,,,候选（需先在关联表确认）
2.72.0::AI精准复习-文科（备考）周子威::feedback-266444532-2026/03/30 22:40:56,2.72.0,AI精准复习-文科（备考）,266444532,S6,希望增加这个版本53归类复习,https://cupid.zhenguanyu.com/#/analysis/user-feedback-list?userId=266444532,未触达,,,,候选（需先在关联表确认）
2.72.0::AI精准复习-文科（备考）周子威::feedback-93261514-2026/04/07 22:33:51,2.72.0,AI精准复习-文科（备考）,93261514,S2,小学三年级专项突破中的背单词。不能复习，只有每日新学的。每日复习找不见切换口。,https://cupid.zhenguanyu.com/#/analysis/user-feedback-list?userId=93261514,未触达,,,,候选（需先在关联表确认）
2.72.0::AI精准复习-文科（备考）周子威::feedback-688140512-2026/04/17 22:54:25,2.72.0,AI精准复习-文科（备考）,688140512,S6,对于初三的孩子，希望出一个专题，针对整个初中三年知识点进行梳理，配套专题，中考是考三年知识的融合，想要提分，需要梳理三年的知识点，如果只有分年级的内容，对于中考总复习帮助不大，而且可以根据梳理出来问题通过AI出题来巩固知识,https://cupid.zhenguanyu.com/#/analysis/user-feedback-list?userId=688140512,未触达,,,,候选（需先在关联表确认）
2.72.0::AI精准复习-文科（备考）周子威::feedback-476755428-2026/04/18 15:46:16,2.72.0,AI精准复习-文科（备考）,476755428,S2,人教版二年级下，AI个性化复习中第八关正确答案一直判定错误无法过关,https://cupid.zhenguanyu.com/#/analysis/user-feedback-list?userId=476755428,未触达,,,,候选（需先在关联表确认）
2.72.0::AI精准复习-文科（备考）周子威::feedback-696789957-2026/04/22 21:47:52,2.72.0,AI精准复习-文科（备考）,696789957,S6,适用江苏学生教辅资料太少，还有复习模考里面的题库大多数都是好几年前的，根本不实用，教材都有所变动。,https://cupid.zhenguanyu.com/#/analysis/user-feedback-list?userId=696789957,未触达,,,,候选（需先在关联表确认）
2.72.0::AI精准复习-文科（备考）周子威::feedback-199379674-2026/04/25 10:48:05,2.72.0,AI精准复习-文科（备考）,199379674,S6,内置教辅不能横屏模式，字体实在太小。53归类复习选题做，看拼音写词语能不能选词，不要一口气。孩子错一个，就等于错一题，就得整个单元的看拼音全部重新写。而且不会自动收录在错题本,https://cupid.zhenguanyu.com/#/analysis/user-feedback-list?userId=199379674,未触达,,,,候选（需先在关联表确认）
2.72.0::AI精准复习-文科（备考）周子威::feedback-556785762-2026/04/25 15:32:10,2.72.0,AI精准复习-文科（备考）,556785762,S2,复习计划怎么只有数学，没有语文英语其他科目的,https://cupid.zhenguanyu.com/#/analysis/user-feedback-list?userId=556785762,未触达,,,,候选（需先在关联表确认）
2.72.0::AI精准复习-文科（备考）周子威::feedback-1047582075-2026/05/01 18:11:42,2.72.0,AI精准复习-文科（备考）,1047582075,S2,"我家孩子以前上1年级2年级时有写过同步练习到三年级时我想让她全部复习一次，结果1年级2年级写的全部找不到了 是怎么回事
",https://cupid.zhenguanyu.com/#/analysis/user-feedback-list?userId=1047582075,未触达,,,,候选（需先在关联表确认）
2.72.0::AI精准复习-文科（备考）周子威::feedback-239284412-2026/05/04 20:28:20,2.72.0,AI精准复习-文科（备考）,239284412,S6,复习模考类 选择了地方卷 出来的还是别的地方的！比如选择了南通  下面还是出现青岛 北京,https://cupid.zhenguanyu.com/#/analysis/user-feedback-list?userId=239284412,未触达,,,,候选（需先在关联表确认）
2.72.0::AI精准复习-文科（备考）周子威::feedback-183095138-2026/05/06 08:21:39,2.72.0,AI精准复习-文科（备考）,183095138,S2,没有复习建议这是大bug，根据孩子错题给出针对性复习，语文听生字没有按需听写，非要一单元一练,https://cupid.zhenguanyu.com/#/analysis/user-feedback-list?userId=183095138,未触达,,,,候选（需先在关联表确认）
2.72.0::AI精准复习-文科（备考）周子威::feedback-41992765-2026/05/07 07:55:18,2.72.0,AI精准复习-文科（备考）,41992765,S6,设备卡，使用不流畅，一会儿可以用，一会儿不可用，同步更新的复习题库，讲解文不对题，无法学习,https://cupid.zhenguanyu.com/#/analysis/user-feedback-list?userId=41992765,未触达,,,,候选（需先在关联表确认）
2.72.0::AI精准复习-文科（备考）周子威::feedback-226889258-2026/05/10 07:32:45,2.72.0,AI精准复习-文科（备考）,226889258,S6,那个艾宾浩斯遗忘曲线背单词很好，但其中应该加一个功能，就是可以把已经完全掌握的单词筛掉，不然会的单词也反复需要复习，很浪费时间。还有一点应该进一步改进就是判断这个单词是否记住还是要加强制判断，可以让孩子用语音或文字写出单词的其中一个意思就算对，现在只让他自己说认不认识就必须要家长陪着学，问他什么意思，不然他偷懒会全点成认识的！,https://cupid.zhenguanyu.com/#/analysis/user-feedback-list?userId=226889258,未触达,,,,候选（需先在关联表确认）
2.72.0::AI精准复习-文科（备考）周子威::feedback-135400204-2026/05/12 09:53:21,2.72.0,AI精准复习-文科（备考）,135400204,S6,"1.没有小升初总复习练习，只有六年级的配套练习。（没有针对小考、中考、高考。）
2.客户自己上传的云文件练习，错题进不了错题本。",https://cupid.zhenguanyu.com/#/analysis/user-feedback-list?userId=135400204,未触达,,,,候选（需先在关联表确认）
2.72.0::AI精准复习-文科（备考）周子威::feedback-405437370-2026/05/13 07:02:50,2.72.0,AI精准复习-文科（备考）,405437370,S6,什么时候出小升初总复习版块？,https://cupid.zhenguanyu.com/#/analysis/user-feedback-list?userId=405437370,未触达,,,,候选（需先在关联表确认）
2.72.0::AI精准复习-文科（备考）周子威::feedback-580339904-2026/05/17 16:29:24,2.72.0,AI精准复习-文科（备考）,580339904,S1,"致小猿学练机（北京寸阴成器科技有限公司），现就产品""系统强制限制自定义单词本每次只能添加100个单词""严重设计缺陷进行投诉。

自定义单词本强制限制每次仅能添加100个单词，孩子日常复习量远超此数，导致前面听完后面就忘，完全无法形成有效复习闭环。花高价购买的学习设备，因这一不合理系统限制基本长期无法使用，严重影响核心功能体验。

现正式要求：立即解除该限制，至少将自定义单词本容量提升至500个。如未得到有效处理，我将依次向全国12315平台（投诉主体：北京寸阴成器科技有限公司）、黑猫投诉等渠道实名投诉，并保留向媒体曝光权利。

拒绝为设计缺陷买单，请尽快答复处理方案。",https://cupid.zhenguanyu.com/#/analysis/user-feedback-list?userId=580339904,未触达,,,,候选（需先在关联表确认）
2.72.0::AI精准复习-文科（备考）周子威::feedback-261250548-2026/05/19 07:26:20,2.72.0,AI精准复习-文科（备考）,261250548,S6,可不可以尽快上期末AI复习，或者先保留期中AI复习，现在全没有，S6推的就是这个功能，怎么能断档？,https://cupid.zhenguanyu.com/#/analysis/user-feedback-list?userId=261250548,未触达,,,,候选（需先在关联表确认）
2.72.0::AI精准复习-文科（备考）周子威::feedback-520306796-2026/05/21 06:46:58,2.72.0,AI精准复习-文科（备考）,520306796,S6,小学阶段没有看生字写拼音的复习板块，还有就是输入法中也应该有语音输入，方便自定义输入看拼音写词语的内容，一个一个手打很费时间。,https://cupid.zhenguanyu.com/#/analysis/user-feedback-list?userId=520306796,未触达,,,,候选（需先在关联表确认）
2.72.0::AI精准复习-文科（备考）周子威::feedback-580339904-2026/06/02 15:32:52,2.72.0,AI精准复习-文科（备考）,580339904,S1,您好！我购买的小猿学练机“听写单词”板块自定义单词一次只能添加100个，使用中几乎让我崩溃。孩子课外单词量远超这个数，每次都要分好几批手动添加，操作繁琐耗时，前面刚加完的单词还没巩固就又得清掉换下一批，复习完全被打乱。正因这个限制，我买的学练机几乎无法使用，无奈又买了zuoyebang的设备，发现对方根本没有这个困扰。调整数量上限并不是什么难题，希望客服核实后帮我把自定义单词容量提升到300至500个。此前我也反馈过，贵公司始终没有回应。如果这次仍无法解决，我只能彻底转向其它平台，相信很多家长和我感受相同，贵公司也可能因此流失大量用户。恳请重视认真对待客户的反馈，尽快整改。,https://cupid.zhenguanyu.com/#/analysis/user-feedback-list?userId=580339904,未触达,,,,候选（需先在关联表确认）
2.72.0::暑假计划::feedback-510492685-2026/01/20 17:09:50,2.72.0,暑假计划,510492685,S2,都1月20号了，孩子已经放假13天了，寒假作业还没出来，目前还显示在复习阶段。建议下次寒假1月初，暑假7月初就同步出寒/暑假计划。,https://cupid.zhenguanyu.com/#/analysis/user-feedback-list?userId=510492685,未触达,,,,候选（需先在关联表确认）
2.72.0::暑假计划::feedback-26732967-2026/01/20 21:47:47,2.72.0,暑假计划,26732967,S2,一课一练有暑假、寒假版了，小猿何时能上线？沪教版教材的教辅太少了,https://cupid.zhenguanyu.com/#/analysis/user-feedback-list?userId=26732967,未触达,,,,候选（需先在关联表确认）
2.72.0::暑假计划::feedback-199286320-2026/03/02 18:38:15,2.72.0,暑假计划,199286320,E1,"
教材同步更新太慢，开学了还没有新的教材，寒假暑假也没得提前预习。",https://cupid.zhenguanyu.com/#/analysis/user-feedback-list?userId=199286320,未触达,,,,候选（需先在关联表确认）
2.72.0::暑假计划::feedback-744049517-2026/05/10 20:59:17,2.72.0,暑假计划,744049517,S1,什么时候能上新高中英语单词听写功能。暑假需要预习,https://cupid.zhenguanyu.com/#/analysis/user-feedback-list?userId=744049517,未触达,,,,候选（需先在关联表确认）
2.72.0::暑假计划::feedback-266444532-2026/05/28 11:02:53,2.72.0,暑假计划,266444532,S6,可否暑假新增这个版本数学练习？小朋友喜欢用学习机练习,https://cupid.zhenguanyu.com/#/analysis/user-feedback-list?userId=266444532,未触达,,,,候选（需先在关联表确认）
2.71.5::口算多账号错题本同步::feedback-834917563-2026/04/11 09:34:45,2.71.5,口算多账号错题本同步,834917563,S6,我建议通过家长端的手机拍照可以将错题同步到错题集里，家长更方便一些，将孩子平时作业里的错题放入错题集里。用手机app上传,https://cupid.zhenguanyu.com/#/analysis/user-feedback-list?userId=834917563,未触达,,,,候选（需先在关联表确认）
2.71.5::口算多账号错题本同步::feedback-566725942-2026/01/11 22:29:21,2.71.5,口算多账号错题本同步,566725942,S2,英语冀教版新课标，4年级下册，  教材同步_错题本_薄弱点_推出英语举一反三，语法训练，连词成句，阅读理解有针对性的专项练习,https://cupid.zhenguanyu.com/#/analysis/user-feedback-list?userId=566725942,未触达,,,,候选（需先在关联表确认）
2.71.5::口算多账号错题本同步::feedback-383392264-2026/01/13 09:19:46,2.71.5,口算多账号错题本同步,383392264,S6,错题本重练模块，没有全选项，每次都要一题一题点或是一天一天点，希望可以完善,https://cupid.zhenguanyu.com/#/analysis/user-feedback-list?userId=383392264,未触达,,,,候选（需先在关联表确认）
2.71.5::口算多账号错题本同步::feedback-195741134-2026/01/14 22:37:16,2.71.5,口算多账号错题本同步,195741134,S6,打开错题本，闪退回首页,https://cupid.zhenguanyu.com/#/analysis/user-feedback-list?userId=195741134,未触达,,,,候选（需先在关联表确认）
2.71.5::口算多账号错题本同步::feedback-460095490-2026/01/19 10:20:04,2.71.5,口算多账号错题本同步,460095490,S6,AL错题本拍照已加入错题本之后打开重练内容是不完整的，调整光线和拍照角度后依然不变。重复拍照了很多遍依然没有完整，这个问题让我很困惑,https://cupid.zhenguanyu.com/#/analysis/user-feedback-list?userId=460095490,未触达,,,,候选（需先在关联表确认）
2.71.5::口算多账号错题本同步::feedback-1104719182-2026/01/22 13:40:32,2.71.5,口算多账号错题本同步,1104719182,S2,作业批改的时候局限性很大，比如计算题哪怕是答案或者解题过程中加法算式的前后顺序与答案不一致也会批改为错误，这样大大降低了错题本的准确性，希望尽快改进。,https://cupid.zhenguanyu.com/#/analysis/user-feedback-list?userId=1104719182,未触达,,,,候选（需先在关联表确认）
2.71.5::口算多账号错题本同步::feedback-735080042-2026/01/27 11:23:56,2.71.5,口算多账号错题本同步,735080042,S2,错题本希望增加错题原因说明的功能，支持错题原因的分类，帮助孩子更加有效的了解错误原因,https://cupid.zhenguanyu.com/#/analysis/user-feedback-list?userId=735080042,未触达,,,,候选（需先在关联表确认）
2.71.5::口算多账号错题本同步::feedback-762678606-2026/01/29 20:50:07,2.71.5,口算多账号错题本同步,762678606,S2,错题本功能可以加入一个生成包含所有错题题型的试卷；把两个照片合并成一个；可以在错题照片上修改；可自行拖拉控制覆盖题目大小,https://cupid.zhenguanyu.com/#/analysis/user-feedback-list?userId=762678606,未触达,,,,候选（需先在关联表确认）
2.71.5::口算多账号错题本同步::feedback-432988124-2026/01/31 06:46:15,2.71.5,口算多账号错题本同步,432988124,S2,错题本没有举一反三，没有在旁边记录批注总结的功能,https://cupid.zhenguanyu.com/#/analysis/user-feedback-list?userId=432988124,未触达,,,,候选（需先在关联表确认）
2.71.5::口算多账号错题本同步::feedback-689993631-2026/01/31 14:59:55,2.71.5,口算多账号错题本同步,689993631,S2,AI错题本这里有一些问题，数学这里的本周新增的薄弱点，。上面显示的是两个，旁边的本周攻克的薄弱点显示的是0个。可下面却说已经掌握了本周全部薄弱点。这是让我们用户不太理解的，希望加快改进呢！🙏🙏,https://cupid.zhenguanyu.com/#/analysis/user-feedback-list?userId=689993631,未触达,,,,候选（需先在关联表确认）
2.71.5::口算多账号错题本同步::feedback-522389599-2026/02/01 09:13:34,2.71.5,口算多账号错题本同步,522389599,S2,那个错题本的错题收录进去，能不能重新整理成题目，不要有收录进去的那种笔迹,https://cupid.zhenguanyu.com/#/analysis/user-feedback-list?userId=522389599,未触达,,,,候选（需先在关联表确认）
2.71.5::口算多账号错题本同步::feedback-522389599-2026/02/01 09:15:00,2.71.5,口算多账号错题本同步,522389599,S2,那个错题本的错题收录进去，能不能重新整理成题目，让孩子打开进去就可以重新做一遍，不要有收录进去的那种笔迹，不然孩子都会看着那个答案再做,https://cupid.zhenguanyu.com/#/analysis/user-feedback-list?userId=522389599,未触达,,,,候选（需先在关联表确认）
2.71.5::口算多账号错题本同步::feedback-536890840-2026/02/05 15:43:38,2.71.5,口算多账号错题本同步,536890840,S6,错题本能不能出一个目录功能，比如1-20题，20-40，一页一页往后翻太慢了。,https://cupid.zhenguanyu.com/#/analysis/user-feedback-list?userId=536890840,未触达,,,,候选（需先在关联表确认）
2.71.5::口算多账号错题本同步::feedback-682089993-2026/02/21 16:51:05,2.71.5,口算多账号错题本同步,682089993,S6,小孩子通过将要做的作业拍照进错题本，再进行视频讲解，继而抄写里面的答案，请将错题本视频讲解纳入家长管控,https://cupid.zhenguanyu.com/#/analysis/user-feedback-list?userId=682089993,未触达,,,,候选（需先在关联表确认）
2.71.5::口算多账号错题本同步::feedback-536890840-2026/02/25 23:28:19,2.71.5,口算多账号错题本同步,536890840,S6,"1. 错题本能不能出一个目录功能，比如1-20题，21-40题，一页一页翻太慢了。
2. 错题本的筛选功能丰富一点，按时间，按单元等。
3. app的报告，除了首次作答记录，增加一个本次做题记录，让家长了解孩子在经过一段时间的训练后，错在哪里。现在看不到当天的错题，只能看到第一次的错误。",https://cupid.zhenguanyu.com/#/analysis/user-feedback-list?userId=536890840,未触达,,,,候选（需先在关联表确认）
2.71.5::口算多账号错题本同步::feedback-1086807824-2026/02/27 21:13:39,2.71.5,口算多账号错题本同步,1086807824,S2,错题本写总结功能！,https://cupid.zhenguanyu.com/#/analysis/user-feedback-list?userId=1086807824,未触达,,,,候选（需先在关联表确认）
2.71.5::口算多账号错题本同步::feedback-458808414-2026/02/28 14:09:07,2.71.5,口算多账号错题本同步,458808414,S2,在学练机上做了同步练习，但是错题都没纳入错题本，也没有纳入薄弱点,https://cupid.zhenguanyu.com/#/analysis/user-feedback-list?userId=458808414,未触达,,,,候选（需先在关联表确认）
2.71.5::口算多账号错题本同步::feedback-458808414-2026/02/28 14:10:13,2.71.5,口算多账号错题本同步,458808414,S2,在学练机上做了同步练习，但是错题都没纳入错题本，也没有纳入薄弱点,https://cupid.zhenguanyu.com/#/analysis/user-feedback-list?userId=458808414,未触达,,,,候选（需先在关联表确认）
2.71.5::口算多账号错题本同步::feedback-523945081-2026/03/02 19:37:12,2.71.5,口算多账号错题本同步,523945081,S6,上海地区一课一练英语选题做完后再做听力部分直接提交批改后未做的题目都收入到错题本中,https://cupid.zhenguanyu.com/#/analysis/user-feedback-list?userId=523945081,未触达,,,,候选（需先在关联表确认）
2.71.5::口算多账号错题本同步::feedback-523945081-2026/03/03 06:37:27,2.71.5,口算多账号错题本同步,523945081,S6,导入的文件题目做练习时能否也出个选题做功能？未做的题目都被收录到了错题本中，这一点不够智能，有时候练习不会全部都做的,https://cupid.zhenguanyu.com/#/analysis/user-feedback-list?userId=523945081,未触达,,,,候选（需先在关联表确认）
2.71.5::口算多账号错题本同步::feedback-696814931-2026/03/03 12:14:20,2.71.5,口算多账号错题本同步,696814931,S6,有没有错题本的题讲解,https://cupid.zhenguanyu.com/#/analysis/user-feedback-list?userId=696814931,未触达,,,,候选（需先在关联表确认）
2.71.5::口算多账号错题本同步::feedback-214969930-2026/03/05 01:19:31,2.71.5,口算多账号错题本同步,214969930,S6,"语文英语默写错误的词不会到错题本，后期无法针对性复习。
英语绘本跟读自己无法暂停，没有缓冲时间。不会的单词也无法点读
无法针对艾宾浩斯学的单词进行有效默写
",https://cupid.zhenguanyu.com/#/analysis/user-feedback-list?userId=214969930,未触达,,,,候选（需先在关联表确认）
2.71.5::口算多账号错题本同步::feedback-285566390-2026/03/05 20:49:51,2.71.5,口算多账号错题本同步,285566390,S6,换一种书写方式，同一个意思就识别不出，批错。错题本无法挑选题目,https://cupid.zhenguanyu.com/#/analysis/user-feedback-list?userId=285566390,未触达,,,,候选（需先在关联表确认）
2.71.5::口算多账号错题本同步::feedback-672703168-2026/03/07 16:12:46,2.71.5,口算多账号错题本同步,672703168,S6,错题本无法导出，无法打印,https://cupid.zhenguanyu.com/#/analysis/user-feedback-list?userId=672703168,未触达,,,,候选（需先在关联表确认）
2.71.5::口算多账号错题本同步::feedback-525904629-2026/03/10 10:04:24,2.71.5,口算多账号错题本同步,525904629,S2,错题本需要记忆功能，只要做完一页，就又返回去从头页开始翻，如果有50多页错题，光点翻页就特别麻烦，可不可以直接有个选页码的地方，直接跳转到该页,https://cupid.zhenguanyu.com/#/analysis/user-feedback-list?userId=525904629,未触达,,,,候选（需先在关联表确认）
2.71.5::口算多账号错题本同步::feedback-1012155038-2026/03/13 20:44:47,2.71.5,口算多账号错题本同步,1012155038,S2,AI错题本只有数学和语文，没有英语错题本,https://cupid.zhenguanyu.com/#/analysis/user-feedback-list?userId=1012155038,未触达,,,,候选（需先在关联表确认）
2.71.5::口算多账号错题本同步::feedback-422380988-2026/03/14 23:06:16,2.71.5,口算多账号错题本同步,422380988,S2,错题本功能急需改进：通过拍照上传的错题，如果小猿题库中没有，无法实现原题重练，小猿会改变原题，用小猿题库中题目替代。而作为使用者，我们需要孩子练习原来的错题，希望小猿研发人员能帮忙做到系统读取原题功能，就算小猿系统没有题库及讲解也没关系，我们需要的是错题归集和重练。详情如下图乘船问题：点击重练，原题36人改为38人，总人数不同，解题方法是不同的，38人的方法孩子已掌握了，我们需要重练的是原题。如果,https://cupid.zhenguanyu.com/#/analysis/user-feedback-list?userId=422380988,未触达,,,,候选（需先在关联表确认）
2.71.5::口算多账号错题本同步::feedback-422380988-2026/03/14 23:15:25,2.71.5,口算多账号错题本同步,422380988,S2,错题本急需改进功能2：使用中发现错题本不能实现自由分类或者命名。比如上传的错题不能自主命名为“校内错题”或“计算类错题”或“应用题错题”等，我们希望能自己分类，通过命名分类的方式能够精准锁定我要找的错题。错题库题量多，如果不能实现自主归类，错题零散很难系统地练习。希望能尽快增加此功能，如有疑问请电话15906634709,https://cupid.zhenguanyu.com/#/analysis/user-feedback-list?userId=422380988,未触达,,,,候选（需先在关联表确认）
2.71.5::口算多账号错题本同步::feedback-381210524-2026/03/21 22:59:05,2.71.5,口算多账号错题本同步,381210524,S2,云文件里的试卷练习，批改完显示已收录错题本，但是错题本里面没有找到呢…,https://cupid.zhenguanyu.com/#/analysis/user-feedback-list?userId=381210524,未触达,,,,候选（需先在关联表确认）
2.71.5::口算多账号错题本同步::feedback-67156186-2026/03/23 21:55:06,2.71.5,口算多账号错题本同步,67156186,S6,希望听写中使用了提示功能的词汇直接进入错题本：【专项突破-英语单词听写和语文字词听写】：听写时，语音播报手动点击多次会出现提示功能，提示完整展现了需要默写的词汇，孩子可以直接照抄。最后成绩全对，但其中水分不小，家长不在旁边难以辨别真实成绩。提示功能确实需要，但是提示词汇最好直接算错，进入错题本，帮助孩子后续复习巩固生疏字词。,https://cupid.zhenguanyu.com/#/analysis/user-feedback-list?userId=67156186,未触达,,,,候选（需先在关联表确认）
2.71.5::口算多账号错题本同步::feedback-812654801-2026/03/27 14:40:11,2.71.5,口算多账号错题本同步,812654801,E1,学练机没有英语作文的批改答疑功能，批改错误，没有答题，批该满分。教辅里边英语作文错误不能收录错题本。,https://cupid.zhenguanyu.com/#/analysis/user-feedback-list?userId=812654801,未触达,,,,候选（需先在关联表确认）
2.71.5::口算多账号错题本同步::feedback-1020161952-2026/03/31 18:22:19,2.71.5,口算多账号错题本同步,1020161952,E1,孩子总是删除错题本未订正的错题，家长在哪里可以查到,https://cupid.zhenguanyu.com/#/analysis/user-feedback-list?userId=1020161952,未触达,,,,候选（需先在关联表确认）
2.71.5::口算多账号错题本同步::feedback-260052066-2026/03/31 22:33:10,2.71.5,口算多账号错题本同步,260052066,S6,英语错题本没有举一反三,https://cupid.zhenguanyu.com/#/analysis/user-feedback-list?userId=260052066,未触达,,,,候选（需先在关联表确认）
2.71.5::口算多账号错题本同步::feedback-1085633411-2026/04/01 09:49:31,2.71.5,口算多账号错题本同步,1085633411,S2,错题本批改错误,https://cupid.zhenguanyu.com/#/analysis/user-feedback-list?userId=1085633411,未触达,,,,候选（需先在关联表确认）
2.71.5::口算多账号错题本同步::feedback-842478978-2026/04/02 06:41:11,2.71.5,口算多账号错题本同步,842478978,S2,请把语文和英语生物地理的薄弱点加到错题本里谢谢,https://cupid.zhenguanyu.com/#/analysis/user-feedback-list?userId=842478978,未触达,,,,候选（需先在关联表确认）
2.71.5::口算多账号错题本同步::feedback-185178882-2026/04/02 20:02:32,2.71.5,口算多账号错题本同步,185178882,S2,错题本很有用，但是练习过的题目，老师要求有纸质版，最好这个错题本功能可以直接打印出来，最好是给小袁增加一个连接打印机功能，然后设置这个打印当前页！,https://cupid.zhenguanyu.com/#/analysis/user-feedback-list?userId=185178882,未触达,,,,候选（需先在关联表确认）
2.71.5::口算多账号错题本同步::feedback-201863720-2026/04/06 21:57:14,2.71.5,口算多账号错题本同步,201863720,S2,建议把错题本的答案解析升级成家长可以管控，因为孩子会偷看答案。,https://cupid.zhenguanyu.com/#/analysis/user-feedback-list?userId=201863720,未触达,,,,候选（需先在关联表确认）
2.71.5::口算多账号错题本同步::feedback-1101551522-2026/04/16 23:10:21,2.71.5,口算多账号错题本同步,1101551522,S2,我做完题能不能有一个直接将题目放入错题本的功能,https://cupid.zhenguanyu.com/#/analysis/user-feedback-list?userId=1101551522,未触达,,,,候选（需先在关联表确认）
2.71.5::口算多账号错题本同步::feedback-172335970-2026/04/18 17:19:47,2.71.5,口算多账号错题本同步,172335970,S2,错题本和上传错题拍照功能不能关闭，孩子能用比功能抄答案。太闹心了！买个这东西方便抄作业了，太差劲了！,https://cupid.zhenguanyu.com/#/analysis/user-feedback-list?userId=172335970,未触达,,,,候选（需先在关联表确认）
2.71.5::口算多账号错题本同步::feedback-172335970-2026/04/18 17:20:37,2.71.5,口算多账号错题本同步,172335970,S2,错题本和上传错题拍照功能不能关闭，孩子能用比功能抄答案。太闹心了！买个这东西方便抄作业了，太差劲了！,https://cupid.zhenguanyu.com/#/analysis/user-feedback-list?userId=172335970,未触达,,,,候选（需先在关联表确认）
2.71.5::口算多账号错题本同步::feedback-1012155038-2026/04/18 21:41:41,2.71.5,口算多账号错题本同步,1012155038,S2,错题本拍照上传的错题莫名其妙不见了，这个严重影响小朋友查缺补漏，麻烦看下为什么,https://cupid.zhenguanyu.com/#/analysis/user-feedback-list?userId=1012155038,未触达,,,,候选（需先在关联表确认）
2.71.5::口算多账号错题本同步::feedback-686452532-2026/04/20 23:19:04,2.71.5,口算多账号错题本同步,686452532,S2,错题本如何导出来,https://cupid.zhenguanyu.com/#/analysis/user-feedback-list?userId=686452532,未触达,,,,候选（需先在关联表确认）
2.71.5::口算多账号错题本同步::feedback-126543040-2026/04/21 19:36:09,2.71.5,口算多账号错题本同步,126543040,S2,怎么看孩子的错题本,https://cupid.zhenguanyu.com/#/analysis/user-feedback-list?userId=126543040,未触达,,,,候选（需先在关联表确认）
2.71.5::口算多账号错题本同步::feedback-200613760-2026/04/23 18:18:59,2.71.5,口算多账号错题本同步,200613760,S2,"1、错题本有删除全部的选择
2、错题本可以编辑标签，这样做题时我可以选择第几单元或者以其他选择题目",https://cupid.zhenguanyu.com/#/analysis/user-feedback-list?userId=200613760,未触达,,,,候选（需先在关联表确认）
2.71.5::口算多账号错题本同步::feedback-199379674-2026/04/25 10:48:05,2.71.5,口算多账号错题本同步,199379674,S6,内置教辅不能横屏模式，字体实在太小。53归类复习选题做，看拼音写词语能不能选词，不要一口气。孩子错一个，就等于错一题，就得整个单元的看拼音全部重新写。而且不会自动收录在错题本,https://cupid.zhenguanyu.com/#/analysis/user-feedback-list?userId=199379674,未触达,,,,候选（需先在关联表确认）
2.71.5::口算多账号错题本同步::feedback-172335970-2026/05/04 21:26:54,2.71.5,口算多账号错题本同步,172335970,S2,"        错题本和上传错题拍照功能不能关闭，孩子能用比功能抄答案。太闹心了！买个这东西方便抄作业了，太差劲了！
        反馈了也没有个回复，你们研究这个到底是帮助学生还是毁掉学生的，这功能就不能关闭吗？还非得买新版本的学习机吗？家长的钱都大风刮来的啊？",https://cupid.zhenguanyu.com/#/analysis/user-feedback-list?userId=172335970,未触达,,,,候选（需先在关联表确认）
2.71.5::口算多账号错题本同步::feedback-172335970-2026/05/04 21:27:40,2.71.5,口算多账号错题本同步,172335970,S2,"        错题本和上传错题拍照功能不能关闭，孩子能用比功能抄答案。太闹心了！买个这东西方便抄作业了，太差劲了！
        反馈了也没有个回复，你们研究这个到底是帮助学生还是毁掉学生的，这功能就不能关闭吗？还非得买新版本的学习机吗？家长的钱都大风刮来的啊？",https://cupid.zhenguanyu.com/#/analysis/user-feedback-list?userId=172335970,未触达,,,,候选（需先在关联表确认）
2.71.5::口算多账号错题本同步::feedback-135400204-2026/05/12 09:53:21,2.71.5,口算多账号错题本同步,135400204,S6,"1.没有小升初总复习练习，只有六年级的配套练习。（没有针对小考、中考、高考。）
2.客户自己上传的云文件练习，错题进不了错题本。",https://cupid.zhenguanyu.com/#/analysis/user-feedback-list?userId=135400204,未触达,,,,候选（需先在关联表确认）
2.71.5::口算多账号错题本同步::feedback-236526254-2026/05/22 11:10:21,2.71.5,口算多账号错题本同步,236526254,S6,建议关闭答案解析，只能显示 对错，或者提交的时候，增加家长管理功能，只能家长同意后才能批改。不然不自觉的孩子往往会，提交一遍，手动抄下 答案，再反过去，直接填写答案，ai工具 太多空子可以钻！然后增加错题本的错题不能让孩子自己选择删除，增加管控功能,https://cupid.zhenguanyu.com/#/analysis/user-feedback-list?userId=236526254,未触达,,,,候选（需先在关联表确认）
2.71.5::口算多账号错题本同步::feedback-1048603452-2026/05/22 22:14:32,2.71.5,口算多账号错题本同步,1048603452,S6,错题本没有解析看不懂，改来改去都是错的,https://cupid.zhenguanyu.com/#/analysis/user-feedback-list?userId=1048603452,未触达,,,,候选（需先在关联表确认）
2.71.5::口算多账号错题本同步::feedback-423293130-2026/05/26 22:40:51,2.71.5,口算多账号错题本同步,423293130,S6,学情诊断拍试卷，识别不准，明明对的题也会列入错题本中，有时订正的题是对的，系统会一遍又一遍的批错，搞的很奔溃，希望识别系统能精准，避免不必要的麻烦,https://cupid.zhenguanyu.com/#/analysis/user-feedback-list?userId=423293130,未触达,,,,候选（需先在关联表确认）
2.71.5::口算多账号错题本同步::feedback-285451290-2026/01/06 21:37:09,2.71.5,口算多账号错题本同步,285451290,S2,不该错的 题老是批错，图中口算题重新写了两三遍一直批错,https://cupid.zhenguanyu.com/#/analysis/user-feedback-list?userId=285451290,未触达,,,,候选（需先在关联表确认）
2.71.5::口算多账号错题本同步::feedback-388985884-2026/01/09 09:58:40,2.71.5,口算多账号错题本同步,388985884,S2,专项练习   口算   出题每天都有重复的  200×40这道题天天有,https://cupid.zhenguanyu.com/#/analysis/user-feedback-list?userId=388985884,未触达,,,,候选（需先在关联表确认）
2.71.5::口算多账号错题本同步::feedback-252627988-2026/01/18 20:39:10,2.71.5,口算多账号错题本同步,252627988,S2,"学练机的资源没有小猿口算APP多
用学练机检查题目，有的有答案没有讲解视频，但是用小猿口算APP可以搜到讲解视频",https://cupid.zhenguanyu.com/#/analysis/user-feedback-list?userId=252627988,未触达,,,,候选（需先在关联表确认）
2.71.5::口算多账号错题本同步::feedback-547945396-2026/01/19 19:06:06,2.71.5,口算多账号错题本同步,547945396,S6,能不能多更新一点冀教版的题尤其英语和数学。配套的练习书也少。还有就是，老师们平时都要求交纸质的口算单词听写什么的，咱们的学练本能不能增加导出生成文件或图片之类的，还有做卷子也是一样，可以打印。这样就不用买别的了。现在是就算用小猿能练但是没法交给老师，还得买别的书。谢谢,https://cupid.zhenguanyu.com/#/analysis/user-feedback-list?userId=547945396,未触达,,,,候选（需先在关联表确认）
2.71.5::口算多账号错题本同步::feedback-263267896-2026/01/19 23:02:19,2.71.5,口算多账号错题本同步,263267896,S6,"1. 专项训练模块语文阅读理解的题型不丰富，无选择权。
2. 英语背单词功能太单一，建议加上单词联想与拓展或关联常用短语等、句子。
3.口算题型太单一，不能自主组题。
4. 益智游戏建议增加棋类，如五字棋、围棋。",https://cupid.zhenguanyu.com/#/analysis/user-feedback-list?userId=263267896,未触达,,,,候选（需先在关联表确认）
2.71.5::口算多账号错题本同步::feedback-724282899-2026/01/20 20:59:30,2.71.5,口算多账号错题本同步,724282899,S2,你好，使用下来有点儿建议，可不可以把教辅专区再细分一下。数学可以分为口算，同步，拔高，奥数。语文和英语分为同步，阅读理解，作文。然后教辅的难易程度也排个序，这样的话可以按照孩子的实际情况按需进行练习,https://cupid.zhenguanyu.com/#/analysis/user-feedback-list?userId=724282899,未触达,,,,候选（需先在关联表确认）
2.71.5::口算多账号错题本同步::feedback-528530253-2026/01/23 13:42:16,2.71.5,口算多账号错题本同步,528530253,S2,青岛市六三制二年级下册数学口算没有,https://cupid.zhenguanyu.com/#/analysis/user-feedback-list?userId=528530253,未触达,,,,候选（需先在关联表确认）
2.71.5::口算多账号错题本同步::feedback-416939772-2026/01/26 20:35:54,2.71.5,口算多账号错题本同步,416939772,S2,青岛63版 三年级上册没学括号和分数 但专项突破口算里 有这样的题,https://cupid.zhenguanyu.com/#/analysis/user-feedback-list?userId=416939772,未触达,,,,候选（需先在关联表确认）
2.71.5::口算多账号错题本同步::feedback-370713592-2026/01/27 20:56:15,2.71.5,口算多账号错题本同步,370713592,S6,要不就是很卡，要不就是不给批改，问题很多，一张试卷做完，批改完连口算都能批错了，孩子都急哭了，这么贵的机器，这么不靠谱，今天批科学试卷拍了十几次都无法识别，想要退货了,https://cupid.zhenguanyu.com/#/analysis/user-feedback-list?userId=370713592,未触达,,,,候选（需先在关联表确认）
2.71.5::口算多账号错题本同步::feedback-392052560-2026/01/28 20:55:55,2.71.5,口算多账号错题本同步,392052560,S2,建议口算题卡，按照不同年级的需要多加几项，比如四年级下册学到运算律，建议增加个托式,https://cupid.zhenguanyu.com/#/analysis/user-feedback-list?userId=392052560,未触达,,,,候选（需先在关联表确认）
2.71.5::口算多账号错题本同步::feedback-528530253-2026/01/28 21:05:15,2.71.5,口算多账号错题本同步,528530253,S2,1月23号反馈没有青岛新教材二年级下的口算，到现在也没有回复信息,https://cupid.zhenguanyu.com/#/analysis/user-feedback-list?userId=528530253,未触达,,,,候选（需先在关联表确认）
2.71.5::口算多账号错题本同步::feedback-283376876-2026/02/05 10:13:11,2.71.5,口算多账号错题本同步,283376876,S2,青岛六三版数学口算啥时候出来啊,https://cupid.zhenguanyu.com/#/analysis/user-feedback-list?userId=283376876,未触达,,,,候选（需先在关联表确认）
2.71.5::口算多账号错题本同步::feedback-727917174-2026/02/05 15:45:51,2.71.5,口算多账号错题本同步,727917174,S2,"专项突破的口算练习 可以不按照年级出题吗？

孩子想练习上学期的口算内容 还得在个人中心换年级很麻烦。
能否增添口算重点练习的内容选项

比如二年级下的口算内容是有余数的除法
我们也预习到这里了 但是孩子对于100以内的加减法还需要再练习 但是我无法在口算练习里直接找到我想要的内容，只能换年级才能找到 等到预习新课，还得再换回来 
比较麻烦",https://cupid.zhenguanyu.com/#/analysis/user-feedback-list?userId=727917174,未触达,,,,候选（需先在关联表确认）
2.71.5::口算多账号错题本同步::feedback-401129652-2026/02/05 22:22:27,2.71.5,口算多账号错题本同步,401129652,S2,三年级下冀教版的专项突破里面为什么数学里面的内容点进去都显示该年级暂无口算练习？,https://cupid.zhenguanyu.com/#/analysis/user-feedback-list?userId=401129652,未触达,,,,候选（需先在关联表确认）
2.71.5::口算多账号错题本同步::feedback-489138350-2026/02/09 19:41:44,2.71.5,口算多账号错题本同步,489138350,S2,怎么没有口算了,https://cupid.zhenguanyu.com/#/analysis/user-feedback-list?userId=489138350,未触达,,,,候选（需先在关联表确认）
2.71.5::口算多账号错题本同步::feedback-381042860-2026/02/10 19:52:19,2.71.5,口算多账号错题本同步,381042860,S2,口算练习以及各种试卷真题练习，每一次做完一关机或者退出就没有保存了，比如说有时候要打卡的时候呢，退出了就得再做一遍就没有办法，还有英语，语文都是一样的，希望能有一个存档，就是做完之后能退出之后还能有记录,https://cupid.zhenguanyu.com/#/analysis/user-feedback-list?userId=381042860,未触达,,,,候选（需先在关联表确认）
2.71.5::口算多账号错题本同步::feedback-235840202-2026/02/22 10:49:00,2.71.5,口算多账号错题本同步,235840202,S2,二年级下学期数学 没有口算练习 本来有 更完新就没有了 客服还敷衍我 让我对付用 没有就用别的 别找客服 客服也没招 还说没有就没有 ,https://cupid.zhenguanyu.com/#/analysis/user-feedback-list?userId=235840202,未触达,,,,候选（需先在关联表确认）
2.71.5::口算多账号错题本同步::feedback-268918000-2026/02/23 11:36:11,2.71.5,口算多账号错题本同步,268918000,S6,口算题，题与题之间离的太近，写对了给判错，还要自己去判，太麻烦了,https://cupid.zhenguanyu.com/#/analysis/user-feedback-list?userId=268918000,未触达,,,,候选（需先在关联表确认）
2.71.5::口算多账号错题本同步::feedback-128161364-2026/03/02 19:14:15,2.71.5,口算多账号错题本同步,128161364,S6,二年级下 沪教版没口算练习！！！,https://cupid.zhenguanyu.com/#/analysis/user-feedback-list?userId=128161364,未触达,,,,候选（需先在关联表确认）
2.71.5::口算多账号错题本同步::feedback-1085959969-2026/03/03 19:15:48,2.71.5,口算多账号错题本同步,1085959969,E1,专项突破里面如果孩子个人资料选的是新课标五四沪教版本上海，口算练习是没有的，麻烦更新相应配套口算内容谢谢,https://cupid.zhenguanyu.com/#/analysis/user-feedback-list?userId=1085959969,未触达,,,,候选（需先在关联表确认）
2.71.5::口算多账号错题本同步::feedback-167354026-2026/03/03 22:13:21,2.71.5,口算多账号错题本同步,167354026,S6,我觉得英语的学习内容可以升级，比如某帮的机器，就有剑桥少儿英语课程。还有数学的口算题应该加入混合计算题型,https://cupid.zhenguanyu.com/#/analysis/user-feedback-list?userId=167354026,未触达,,,,候选（需先在关联表确认）
2.71.5::口算多账号错题本同步::feedback-1126638423-2026/03/05 23:01:53,2.71.5,口算多账号错题本同步,1126638423,S6,为什么没有加减乘除混合口算,https://cupid.zhenguanyu.com/#/analysis/user-feedback-list?userId=1126638423,未触达,,,,候选（需先在关联表确认）
2.71.5::口算多账号错题本同步::feedback-1048176759-2026/03/07 16:47:38,2.71.5,口算多账号错题本同步,1048176759,S2,二年级下青岛五四版，没有数学口算练习！,https://cupid.zhenguanyu.com/#/analysis/user-feedback-list?userId=1048176759,未触达,,,,候选（需先在关联表确认）
2.71.5::口算多账号错题本同步::feedback-179459076-2026/03/08 10:58:10,2.71.5,口算多账号错题本同步,179459076,S6,小袁S6专项突破里没有北京版新课标三年级下口算，竖式练习,https://cupid.zhenguanyu.com/#/analysis/user-feedback-list?userId=179459076,未触达,,,,候选（需先在关联表确认）
2.71.5::口算多账号错题本同步::feedback-672703168-2026/03/08 11:27:22,2.71.5,口算多账号错题本同步,672703168,S6,不能批英语作文，小猿口算app都可以,https://cupid.zhenguanyu.com/#/analysis/user-feedback-list?userId=672703168,未触达,,,,候选（需先在关联表确认）
2.71.5::口算多账号错题本同步::feedback-584563277-2026/03/08 18:20:44,2.71.5,口算多账号错题本同步,584563277,S2,为什么沪教版二下数学没有口算练习？很不方便。,https://cupid.zhenguanyu.com/#/analysis/user-feedback-list?userId=584563277,未触达,,,,候选（需先在关联表确认）
2.71.5::口算多账号错题本同步::feedback-920825715-2026/03/09 21:53:44,2.71.5,口算多账号错题本同步,920825715,S6,"目前是三年级下，老师的教学进度慢，小朋友的每日口算都不会写。建议增加一些上学期的内容练习起来。计算应该每天都有10分钟的练习。
英语背单词，一旦设置进度，就要全部重新背诵，进步不科学。应该将剩余未背单词按新进度进行调整。另外，应该增加单词检测，一些之前背过的单词，不列入生词。",https://cupid.zhenguanyu.com/#/analysis/user-feedback-list?userId=920825715,未触达,,,,候选（需先在关联表确认）
2.71.5::口算多账号错题本同步::feedback-612504763-2026/03/18 20:29:03,2.71.5,口算多账号错题本同步,612504763,S1,口算批改的是，老是判断错误，会把29看成21，7也看成1,https://cupid.zhenguanyu.com/#/analysis/user-feedback-list?userId=612504763,未触达,,,,候选（需先在关联表确认）
2.71.5::口算多账号错题本同步::feedback-263670784-2026/03/24 09:37:01,2.71.5,口算多账号错题本同步,263670784,S6,小猿口算app错题一键导入不成功，，账号一致，就是导不进去,https://cupid.zhenguanyu.com/#/analysis/user-feedback-list?userId=263670784,未触达,,,,候选（需先在关联表确认）
2.71.5::口算多账号错题本同步::feedback-515506715-2026/03/31 10:09:05,2.71.5,口算多账号错题本同步,515506715,S2,"口算应该有一个单独的AI出题模块，例如：100以内加减法，连加连减题型。
口算结束后家长这边看不到口算时长，这个很不方便，没有办法做到准确积极的表扬",https://cupid.zhenguanyu.com/#/analysis/user-feedback-list?userId=515506715,未触达,,,,候选（需先在关联表确认）
2.71.5::口算多账号错题本同步::feedback-1052492481-2026/04/13 20:51:01,2.71.5,口算多账号错题本同步,1052492481,S2,这是什么情况？口算100道批改出现这个情况,https://cupid.zhenguanyu.com/#/analysis/user-feedback-list?userId=1052492481,未触达,,,,候选（需先在关联表确认）
2.71.5::口算多账号错题本同步::feedback-714606069-2026/04/13 20:57:27,2.71.5,口算多账号错题本同步,714606069,S2,听写练习与口算练习不能批阅,https://cupid.zhenguanyu.com/#/analysis/user-feedback-list?userId=714606069,未触达,,,,候选（需先在关联表确认）
2.71.5::口算多账号错题本同步::feedback-213290834-2026/04/13 21:05:05,2.71.5,口算多账号错题本同步,213290834,S2,口算做完提交批改，但是提交到70%就不能继续了。,https://cupid.zhenguanyu.com/#/analysis/user-feedback-list?userId=213290834,未触达,,,,候选（需先在关联表确认）
2.71.5::口算多账号错题本同步::feedback-749024866-2026/05/04 22:22:09,2.71.5,口算多账号错题本同步,749024866,S6,希望数学口算可以增加一个模块，计时不计量,https://cupid.zhenguanyu.com/#/analysis/user-feedback-list?userId=749024866,未触达,,,,候选（需先在关联表确认）
2.71.5::口算多账号错题本同步::feedback-749024866-2026/05/04 22:23:17,2.71.5,口算多账号错题本同步,749024866,S6,比如练习口算，当错误订正后，页面仍旧可以显示口算的时长是多少,https://cupid.zhenguanyu.com/#/analysis/user-feedback-list?userId=749024866,未触达,,,,候选（需先在关联表确认）
2.70.1::全学科诊断::feedback-632833939-2026/02/02 17:19:35,2.70.1,全学科诊断,632833939,S2,孩子现在都用答题卡，试卷上面没有答案，又不能上传答题卡，无法生成学情诊断。,https://cupid.zhenguanyu.com/#/analysis/user-feedback-list?userId=632833939,未触达,,,,候选（需先在关联表确认）
2.70.1::全学科诊断::feedback-390047976-2026/03/05 22:02:26,2.70.1,全学科诊断,390047976,S2,AI学情诊断中的试卷分析无法分析，显示抱歉，服务器异常，请稍后重试，但是作业诊断可以,https://cupid.zhenguanyu.com/#/analysis/user-feedback-list?userId=390047976,未触达,,,,候选（需先在关联表确认）
2.70.1::全学科诊断::feedback-391298722-2026/03/17 20:37:43,2.70.1,全学科诊断,391298722,S6,小学没有语文的学情诊断，而且孩子拍了错题，家长端也看不到,https://cupid.zhenguanyu.com/#/analysis/user-feedback-list?userId=391298722,未触达,,,,候选（需先在关联表确认）
2.70.1::全学科诊断::feedback-392961710-2026/04/05 22:27:59,2.70.1,全学科诊断,392961710,S2,希望在AI学情诊断的时候可以在诊断页面显示出每道试题的对错，如果可以的话还可以加一个人为修改题目对错的功能，防止识别失误,https://cupid.zhenguanyu.com/#/analysis/user-feedback-list?userId=392961710,未触达,,,,候选（需先在关联表确认）
2.70.1::全学科诊断::feedback-688259489-2026/04/18 13:21:24,2.70.1,全学科诊断,688259489,S6,卷子，阅读字太小。学情诊断语文和英语诊断不了,https://cupid.zhenguanyu.com/#/analysis/user-feedback-list?userId=688259489,未触达,,,,候选（需先在关联表确认）
2.70.1::全学科诊断::feedback-423293130-2026/05/26 22:40:51,2.70.1,全学科诊断,423293130,S6,学情诊断拍试卷，识别不准，明明对的题也会列入错题本中，有时订正的题是对的，系统会一遍又一遍的批错，搞的很奔溃，希望识别系统能精准，避免不必要的麻烦,https://cupid.zhenguanyu.com/#/analysis/user-feedback-list?userId=423293130,未触达,,,,候选（需先在关联表确认）
2.70.1::全学科诊断::feedback-1122026455-2026/01/17 20:46:43,2.70.1,全学科诊断,1122026455,S2,本来孩子Ai诊断数学卷想得100猿力点，结果没有得到，还说卷子磌实。请给我们那100猿力点。,https://cupid.zhenguanyu.com/#/analysis/user-feedback-list?userId=1122026455,未触达,,,,候选（需先在关联表确认）
2.70.1::全学科诊断::feedback-427583628-2026/02/01 21:10:01,2.70.1,全学科诊断,427583628,S6,教辅专区里的试卷完成后，AI诊断功能并不能针对教辅专区里的试卷完成的结果，进行评分和相关薄弱点的举一反三是试题推送,https://cupid.zhenguanyu.com/#/analysis/user-feedback-list?userId=427583628,未触达,,,,候选（需先在关联表确认）
2.70.1::全学科诊断::feedback-508757329-2026/03/09 16:20:02,2.70.1,全学科诊断,508757329,S2,AI诊断，AI拍照视频答疑，答案不能管控。希望能更新，可以管控！,https://cupid.zhenguanyu.com/#/analysis/user-feedback-list?userId=508757329,未触达,,,,候选（需先在关联表确认）
2.70.1::全学科诊断::feedback-844532344-2026/04/10 22:29:18,2.70.1,全学科诊断,844532344,S2,英语语文没有诊断,https://cupid.zhenguanyu.com/#/analysis/user-feedback-list?userId=844532344,未触达,,,,候选（需先在关联表确认）
2.69.1::AI精准复习-期中周子威::feedback-130848676-2026/02/19 21:23:59,2.69.1,AI精准复习-期中,130848676,S6,高中怎么没有复习模考和AI精准复习的功能？,https://cupid.zhenguanyu.com/#/analysis/user-feedback-list?userId=130848676,未触达,,,,候选（需先在关联表确认）
2.69.1::AI精准复习-期中周子威::feedback-651571389-2026/03/26 10:58:12,2.69.1,AI精准复习-期中,651571389,S6,"
几年前买了小猿学练机S2，近期试用了S6，使用下来觉得S6还是没有解决我想要的功能问题，所以决定退回S6，还是继续用S2。具体如下:
1.举一反三功能依然不智能。小孩练习的错题下面虽然有个举一反三的功能，但是推送的题型和错题完全不一样，达不到举一反三的效果。
2.S6有个定制复习计划，明明说的薄弱点是小数的加减运算，但是推送的题目完全不是小数的运算题，题型甚至和小数毫无关联，这让我怀疑你们推送的",https://cupid.zhenguanyu.com/#/analysis/user-feedback-list?userId=651571389,未触达,,,,候选（需先在关联表确认）
2.69.1::AI精准复习-期中周子威::feedback-261250548-2026/05/19 07:26:20,2.69.1,AI精准复习-期中,261250548,S6,可不可以尽快上期末AI复习，或者先保留期中AI复习，现在全没有，S6推的就是这个功能，怎么能断档？,https://cupid.zhenguanyu.com/#/analysis/user-feedback-list?userId=261250548,未触达,,,,候选（需先在关联表确认）
2.69.1::AI精准复习-期中周子威::feedback-255647476-2026/01/03 21:00:51,2.69.1,AI精准复习-期中,255647476,S2,题目批改全对，但是还是说薄弱点未攻克，已经出现很多次改情况。,https://cupid.zhenguanyu.com/#/analysis/user-feedback-list?userId=255647476,未触达,,,,候选（需先在关联表确认）
2.69.1::AI精准复习-期中周子威::feedback-1080070147-2026/01/06 11:19:27,2.69.1,AI精准复习-期中,1080070147,S2,"1、薄弱点攻克，一次性全对的题他还是说没有攻克。
2、AI推荐任务连续推荐同样的内容。",https://cupid.zhenguanyu.com/#/analysis/user-feedback-list?userId=1080070147,未触达,,,,候选（需先在关联表确认）
2.69.1::AI精准复习-期中周子威::feedback-566725942-2026/01/11 22:29:21,2.69.1,AI精准复习-期中,566725942,S2,英语冀教版新课标，4年级下册，  教材同步_错题本_薄弱点_推出英语举一反三，语法训练，连词成句，阅读理解有针对性的专项练习,https://cupid.zhenguanyu.com/#/analysis/user-feedback-list?userId=566725942,未触达,,,,候选（需先在关联表确认）
2.69.1::AI精准复习-期中周子威::feedback-247208470-2026/01/14 18:56:28,2.69.1,AI精准复习-期中,247208470,S2,孩子攻克的薄弱点全对，，为了什么还是提示没有攻克薄弱点,https://cupid.zhenguanyu.com/#/analysis/user-feedback-list?userId=247208470,未触达,,,,候选（需先在关联表确认）
2.69.1::AI精准复习-期中周子威::feedback-748205184-2026/01/17 11:10:19,2.69.1,AI精准复习-期中,748205184,S2,薄弱点突破所有题目都做对了，还是显示没有突破，连续几次了,https://cupid.zhenguanyu.com/#/analysis/user-feedback-list?userId=748205184,未触达,,,,候选（需先在关联表确认）
2.69.1::AI精准复习-期中周子威::feedback-1006279703-2026/01/18 11:53:34,2.69.1,AI精准复习-期中,1006279703,S6,薄弱点已经攻克完了，但是还是显示有一个薄热点,https://cupid.zhenguanyu.com/#/analysis/user-feedback-list?userId=1006279703,未触达,,,,候选（需先在关联表确认）
2.69.1::AI精准复习-期中周子威::feedback-1006279703-2026/01/18 11:54:59,2.69.1,AI精准复习-期中,1006279703,S6,薄弱点当天全都做完了，还显示有薄弱点,https://cupid.zhenguanyu.com/#/analysis/user-feedback-list?userId=1006279703,未触达,,,,候选（需先在关联表确认）
2.69.1::AI精准复习-期中周子威::feedback-108784002-2026/01/23 19:22:03,2.69.1,AI精准复习-期中,108784002,S2,为什么全对还告诉我没能攻克薄弱点呢,https://cupid.zhenguanyu.com/#/analysis/user-feedback-list?userId=108784002,未触达,,,,候选（需先在关联表确认）
2.69.1::AI精准复习-期中周子威::feedback-252809644-2026/01/25 21:09:35,2.69.1,AI精准复习-期中,252809644,S2,薄弱点打不开,https://cupid.zhenguanyu.com/#/analysis/user-feedback-list?userId=252809644,未触达,,,,候选（需先在关联表确认）
2.69.1::AI精准复习-期中周子威::feedback-187209798-2026/01/28 10:42:10,2.69.1,AI精准复习-期中,187209798,S6,"1.导入的电子书什么时候可以改字体和字号
2.专项听写手动录入的词汇什么时候可以保存，不要丢失
3.反应速度还是很慢
4.语文可以做精准学吗",https://cupid.zhenguanyu.com/#/analysis/user-feedback-list?userId=187209798,未触达,,,,候选（需先在关联表确认）
2.69.1::AI精准复习-期中周子威::feedback-566366973-2026/01/29 10:20:06,2.69.1,AI精准复习-期中,566366973,S2,ai这块建议增加题型设计功能，比如知道孩子的知识薄弱点了，需要加强，可以根据家长要求出题出卷，配合举一反三，加强练，现在举一反三的出题，有点偏离薄弱点或者说不突出。,https://cupid.zhenguanyu.com/#/analysis/user-feedback-list?userId=566366973,未触达,,,,候选（需先在关联表确认）
2.69.1::AI精准复习-期中周子威::feedback-218206324-2026/01/31 14:15:40,2.69.1,AI精准复习-期中,218206324,S2,明明孩子全部做对，还是显示没能攻克薄弱点，孩子很伤心！,https://cupid.zhenguanyu.com/#/analysis/user-feedback-list?userId=218206324,未触达,,,,候选（需先在关联表确认）
2.69.1::AI精准复习-期中周子威::feedback-689993631-2026/01/31 14:59:55,2.69.1,AI精准复习-期中,689993631,S2,AI错题本这里有一些问题，数学这里的本周新增的薄弱点，。上面显示的是两个，旁边的本周攻克的薄弱点显示的是0个。可下面却说已经掌握了本周全部薄弱点。这是让我们用户不太理解的，希望加快改进呢！🙏🙏,https://cupid.zhenguanyu.com/#/analysis/user-feedback-list?userId=689993631,未触达,,,,候选（需先在关联表确认）
2.69.1::AI精准复习-期中周子威::feedback-1083825590-2026/01/31 16:14:50,2.69.1,AI精准复习-期中,1083825590,S2,这是咋了？明明全对了，为什么还说没能攻克薄弱点呢？,https://cupid.zhenguanyu.com/#/analysis/user-feedback-list?userId=1083825590,未触达,,,,候选（需先在关联表确认）
2.69.1::AI精准复习-期中周子威::feedback-427583628-2026/02/01 21:10:01,2.69.1,AI精准复习-期中,427583628,S6,教辅专区里的试卷完成后，AI诊断功能并不能针对教辅专区里的试卷完成的结果，进行评分和相关薄弱点的举一反三是试题推送,https://cupid.zhenguanyu.com/#/analysis/user-feedback-list?userId=427583628,未触达,,,,候选（需先在关联表确认）
2.69.1::AI精准复习-期中周子威::feedback-1124155298-2026/02/06 21:00:47,2.69.1,AI精准复习-期中,1124155298,S6,攻克一次薄弱点任务，完成了也不刷新,https://cupid.zhenguanyu.com/#/analysis/user-feedback-list?userId=1124155298,未触达,,,,候选（需先在关联表确认）
2.69.1::AI精准复习-期中周子威::feedback-1070826457-2026/02/08 22:32:42,2.69.1,AI精准复习-期中,1070826457,S2,薄弱点批改全对，但每次都提示没有攻破，进而产生更多的薄弱点,https://cupid.zhenguanyu.com/#/analysis/user-feedback-list?userId=1070826457,未触达,,,,候选（需先在关联表确认）
2.69.1::AI精准复习-期中周子威::feedback-272574052-2026/02/25 14:33:02,2.69.1,AI精准复习-期中,272574052,S2,错题扫上去生成不了薄弱点,https://cupid.zhenguanyu.com/#/analysis/user-feedback-list?userId=272574052,未触达,,,,候选（需先在关联表确认）
2.69.1::AI精准复习-期中周子威::feedback-458808414-2026/02/28 14:09:07,2.69.1,AI精准复习-期中,458808414,S2,在学练机上做了同步练习，但是错题都没纳入错题本，也没有纳入薄弱点,https://cupid.zhenguanyu.com/#/analysis/user-feedback-list?userId=458808414,未触达,,,,候选（需先在关联表确认）
2.69.1::AI精准复习-期中周子威::feedback-458808414-2026/02/28 14:10:13,2.69.1,AI精准复习-期中,458808414,S2,在学练机上做了同步练习，但是错题都没纳入错题本，也没有纳入薄弱点,https://cupid.zhenguanyu.com/#/analysis/user-feedback-list?userId=458808414,未触达,,,,候选（需先在关联表确认）
2.69.1::AI精准复习-期中周子威::feedback-308965824-2026/02/28 15:19:14,2.69.1,AI精准复习-期中,308965824,S2,这个薄弱点明明已经通关了，但是这个屏幕显示一直都是还有一个薄弱点，我建议起到一些删除薄弱点的作用，但要家长同意，比如发信息之类,https://cupid.zhenguanyu.com/#/analysis/user-feedback-list?userId=308965824,未触达,,,,候选（需先在关联表确认）
2.69.1::AI精准复习-期中周子威::feedback-665925367-2026/03/07 20:58:49,2.69.1,AI精准复习-期中,665925367,S6,薄弱点栏目中添加英语这个学科,https://cupid.zhenguanyu.com/#/analysis/user-feedback-list?userId=665925367,未触达,,,,候选（需先在关联表确认）
2.69.1::AI精准复习-期中周子威::feedback-738745375-2026/03/12 21:10:47,2.69.1,AI精准复习-期中,738745375,S6,这里说我们有一个阶段测评，在阶段测评里边还有一个精准学，但是我在我的本上没有找到这两项呀。,https://cupid.zhenguanyu.com/#/analysis/user-feedback-list?userId=738745375,未触达,,,,候选（需先在关联表确认）
2.69.1::AI精准复习-期中周子威::feedback-743411420-2026/03/13 19:59:17,2.69.1,AI精准复习-期中,743411420,S2,语文的薄弱点已攻克，批改全对，请问为何还是显示攻克数为0？,https://cupid.zhenguanyu.com/#/analysis/user-feedback-list?userId=743411420,未触达,,,,候选（需先在关联表确认）
2.69.1::AI精准复习-期中周子威::feedback-642191048-2026/03/23 20:39:32,2.69.1,AI精准复习-期中,642191048,S2,收录拍照了10道错题，没有一个薄弱点生成，上学期都有，是怎么回事,https://cupid.zhenguanyu.com/#/analysis/user-feedback-list?userId=642191048,未触达,,,,候选（需先在关联表确认）
2.69.1::AI精准复习-期中周子威::feedback-842478978-2026/04/02 06:41:11,2.69.1,AI精准复习-期中,842478978,S2,请把语文和英语生物地理的薄弱点加到错题本里谢谢,https://cupid.zhenguanyu.com/#/analysis/user-feedback-list?userId=842478978,未触达,,,,候选（需先在关联表确认）
2.69.1::AI精准复习-期中周子威::feedback-654061087-2026/04/06 22:07:03,2.69.1,AI精准复习-期中,654061087,S6,做了一张模拟试卷，错了很多题，却没有产生薄弱点。,https://cupid.zhenguanyu.com/#/analysis/user-feedback-list?userId=654061087,未触达,,,,候选（需先在关联表确认）
2.69.1::AI精准复习-期中周子威::feedback-225558408-2026/04/13 21:00:34,2.69.1,AI精准复习-期中,225558408,S2,卡顿，闪退，薄弱点批改无法完成,https://cupid.zhenguanyu.com/#/analysis/user-feedback-list?userId=225558408,未触达,,,,候选（需先在关联表确认）
2.69.1::AI精准复习-期中周子威::feedback-423293130-2026/05/26 22:36:26,2.69.1,AI精准复习-期中,423293130,S6,语文全部薄弱点里的生字词，精准练用不了，点击进去就是服务异常的页面,https://cupid.zhenguanyu.com/#/analysis/user-feedback-list?userId=423293130,未触达,,,,候选（需先在关联表确认）
2.69.1::AI精准复习-期中周子威::feedback-616176705-2026/05/30 10:18:30,2.69.1,AI精准复习-期中,616176705,S1,全对但是说没有攻克薄弱点,https://cupid.zhenguanyu.com/#/analysis/user-feedback-list?userId=616176705,未触达,,,,候选（需先在关联表确认）
2.69.1::AI精准复习-期中周子威::feedback-354654038-2026/01/03 12:54:39,2.69.1,AI精准复习-期中,354654038,S2,东北地区的期末考试已经结束了，期末复习的功能却还没有上线。。。,https://cupid.zhenguanyu.com/#/analysis/user-feedback-list?userId=354654038,未触达,,,,候选（需先在关联表确认）
2.69.1::AI精准复习-期中周子威::feedback-217812010-2026/01/05 19:04:32,2.69.1,AI精准复习-期中,217812010,S2,"孩子用专项突破中的“看拼音写生字”功能，中间少选了几课，查不出来少了哪个，这里最好标注一下哪些写过了。
还有希望能看到所有课本的生字汇总，这样可以总体所有生字一起复习，而不是现在需要一个学期一个学期去复习。如果能添加上艾宾浩斯记忆法复习生字就更好了",https://cupid.zhenguanyu.com/#/analysis/user-feedback-list?userId=217812010,未触达,,,,候选（需先在关联表确认）
2.69.1::AI精准复习-期中周子威::feedback-521631520-2026/01/07 13:10:58,2.69.1,AI精准复习-期中,521631520,E1,希望能有过往几年期中和期末试卷真题讲解的功能,https://cupid.zhenguanyu.com/#/analysis/user-feedback-list?userId=521631520,未触达,,,,候选（需先在关联表确认）
2.69.1::AI精准复习-期中周子威::feedback-210936856-2026/01/07 21:34:31,2.69.1,AI精准复习-期中,210936856,S2,期末复习教辅或者其它题目时，可能没电突然关机设备没有保存作业痕迹。这样导致又得重新做一遍很浪费时间。,https://cupid.zhenguanyu.com/#/analysis/user-feedback-list?userId=210936856,未触达,,,,候选（需先在关联表确认）
2.69.1::AI精准复习-期中周子威::feedback-463919518-2026/01/10 21:50:08,2.69.1,AI精准复习-期中,463919518,S2,"1.考前闯关复习题我们考完试了才更新出来。
2.现在已经放寒假了，寒假大作战还没更新。希望能及时提前更新。",https://cupid.zhenguanyu.com/#/analysis/user-feedback-list?userId=463919518,未触达,,,,候选（需先在关联表确认）
2.69.1::AI精准复习-期中周子威::feedback-413819224-2026/01/11 11:11:37,2.69.1,AI精准复习-期中,413819224,S2,寒假预复习计划什么时候有？,https://cupid.zhenguanyu.com/#/analysis/user-feedback-list?userId=413819224,未触达,,,,候选（需先在关联表确认）
2.69.1::AI精准复习-期中周子威::feedback-632784980-2026/01/11 12:35:25,2.69.1,AI精准复习-期中,632784980,S2,AI期末个性复习，最后一关总是提示不对，反复改了（改的绝对正确，家长改了几遍，孩子改了几遍，小猿无法识别）无法进行下一关，请设置可以往下进行闯关，一家要疯了,https://cupid.zhenguanyu.com/#/analysis/user-feedback-list?userId=632784980,未触达,,,,候选（需先在关联表确认）
2.69.1::AI精准复习-期中周子威::feedback-632784980-2026/01/11 12:36:09,2.69.1,AI精准复习-期中,632784980,S2,AI复习闯关可以跳关,https://cupid.zhenguanyu.com/#/analysis/user-feedback-list?userId=632784980,未触达,,,,候选（需先在关联表确认）
2.69.1::AI精准复习-期中周子威::feedback-392430452-2026/01/11 13:42:05,2.69.1,AI精准复习-期中,392430452,S6,期末复习，希望增加英语和语文及语文和英语试卷分享功能,https://cupid.zhenguanyu.com/#/analysis/user-feedback-list?userId=392430452,未触达,,,,候选（需先在关联表确认）
2.69.1::AI精准复习-期中周子威::feedback-620716562-2026/01/12 22:05:47,2.69.1,AI精准复习-期中,620716562,S2,课本教材不能及时更新！没办法预习！建议小猿及时更新教材，上传到设备,https://cupid.zhenguanyu.com/#/analysis/user-feedback-list?userId=620716562,未触达,,,,候选（需先在关联表确认）
2.69.1::AI精准复习-期中周子威::feedback-1062227390-2026/01/13 19:11:31,2.69.1,AI精准复习-期中,1062227390,S2,能不能优化一下不会的字词加入生字生词本，便于复习查缺补漏,https://cupid.zhenguanyu.com/#/analysis/user-feedback-list?userId=1062227390,未触达,,,,候选（需先在关联表确认）
2.69.1::AI精准复习-期中周子威::feedback-580773559-2026/01/15 17:15:45,2.69.1,AI精准复习-期中,580773559,S6,"今日复习这个位置是0
如何复习，找不到可以复习的按钮，以至于今日复习一直是0",https://cupid.zhenguanyu.com/#/analysis/user-feedback-list?userId=580773559,未触达,,,,候选（需先在关联表确认）
2.69.1::AI精准复习-期中周子威::feedback-369260854-2026/01/17 20:13:01,2.69.1,AI精准复习-期中,369260854,S2,"
 
“你好，想反馈一个功能建议：希望在四年级语文板块，把每个单元的‘日积月累’和课文里的必默古诗，单独做一个‘必默专区’。最好能按单元/教材版本分类，支持一键筛选、批量默写、自动批改，方便孩子集中练习和复习。孩子现在用的是[四年级]、[人教版]，麻烦帮忙评估上线~”
 
",https://cupid.zhenguanyu.com/#/analysis/user-feedback-list?userId=369260854,未触达,,,,候选（需先在关联表确认）
2.69.1::AI精准复习-期中周子威::feedback-420795158-2026/01/19 13:01:32,2.69.1,AI精准复习-期中,420795158,S2,英语自定义单词背诵，可以添加到课本单元里，但是退出听写后就清空了，希望有一个自定义单词的地方收集薄弱单词能反复复习巩固。,https://cupid.zhenguanyu.com/#/analysis/user-feedback-list?userId=420795158,未触达,,,,候选（需先在关联表确认）
2.69.1::AI精准复习-期中周子威::feedback-348372962-2026/01/19 13:18:59,2.69.1,AI精准复习-期中,348372962,S2,二年级下册的语文为什么没有整片的课文原文，讲解也没有，小结也没有，只有卷子，孩子还没看课文，提前也复习不了，就让做卷子,https://cupid.zhenguanyu.com/#/analysis/user-feedback-list?userId=348372962,未触达,,,,候选（需先在关联表确认）
2.69.1::AI精准复习-期中周子威::feedback-1048484689-2026/01/19 16:48:52,2.69.1,AI精准复习-期中,1048484689,S6,期末总复习只有数学一科，英语和语文没有？,https://cupid.zhenguanyu.com/#/analysis/user-feedback-list?userId=1048484689,未触达,,,,候选（需先在关联表确认）
2.69.1::AI精准复习-期中周子威::feedback-510492685-2026/01/20 17:09:50,2.69.1,AI精准复习-期中,510492685,S2,都1月20号了，孩子已经放假13天了，寒假作业还没出来，目前还显示在复习阶段。建议下次寒假1月初，暑假7月初就同步出寒/暑假计划。,https://cupid.zhenguanyu.com/#/analysis/user-feedback-list?userId=510492685,未触达,,,,候选（需先在关联表确认）
2.69.1::AI精准复习-期中周子威::feedback-227391080-2026/01/21 17:24:02,2.69.1,AI精准复习-期中,227391080,S6,整体不错但是沪教版除了一课一练配套教辅希望在多点别的出版社，对于沪教版有点少，英语希望能增加和数学语文一样的精准推荐，复习模考沪教版也比较少希望后续能多提升,https://cupid.zhenguanyu.com/#/analysis/user-feedback-list?userId=227391080,未触达,,,,候选（需先在关联表确认）
2.69.1::AI精准复习-期中周子威::feedback-399434192-2026/01/21 22:37:09,2.69.1,AI精准复习-期中,399434192,S2,"AI推荐任务中，数学能不能随机抽取几道该年级易错题来练习。
口语练习 能不能也按照年级的内容来更新一下。目前的口语练习太鸡肋了
单词听着 除了按照单元来听着的，时候可以增加，期中部分和期末部分混合听着。",https://cupid.zhenguanyu.com/#/analysis/user-feedback-list?userId=399434192,未触达,,,,候选（需先在关联表确认）
2.69.1::AI精准复习-期中周子威::feedback-379423750-2026/01/24 08:25:32,2.69.1,AI精准复习-期中,379423750,S2,希望语数英都有课堂笔记，有效提高孩子的预习。,https://cupid.zhenguanyu.com/#/analysis/user-feedback-list?userId=379423750,未触达,,,,候选（需先在关联表确认）
2.69.1::AI精准复习-期中周子威::feedback-696181712-2026/01/24 20:14:34,2.69.1,AI精准复习-期中,696181712,S2,小猿，能不能增加一个王朝霞的教辅，单元测和期中期末考试卷子的那种，语文、科普版英语的,https://cupid.zhenguanyu.com/#/analysis/user-feedback-list?userId=696181712,未触达,,,,候选（需先在关联表确认）
2.69.1::AI精准复习-期中周子威::feedback-515443141-2026/01/25 19:44:42,2.69.1,AI精准复习-期中,515443141,S6,专项突破里面背单词，背的单词不能复习,https://cupid.zhenguanyu.com/#/analysis/user-feedback-list?userId=515443141,未触达,,,,候选（需先在关联表确认）
2.69.1::AI精准复习-期中周子威::feedback-138290726-2026/01/29 10:42:39,2.69.1,AI精准复习-期中,138290726,S2,请问小袁的学习内容能不能提前更新为下学期的内容便于学生预习，往回复！,https://cupid.zhenguanyu.com/#/analysis/user-feedback-list?userId=138290726,未触达,,,,候选（需先在关联表确认）
2.69.1::AI精准复习-期中周子威::feedback-696621686-2026/01/31 22:44:56,2.69.1,AI精准复习-期中,696621686,S2,数学小复习的应用题出的是计算或者是选择题什么的，就是不出应用题,https://cupid.zhenguanyu.com/#/analysis/user-feedback-list?userId=696621686,未触达,,,,候选（需先在关联表确认）
2.69.1::AI精准复习-期中周子威::feedback-696621686-2026/01/31 22:48:08,2.69.1,AI精准复习-期中,696621686,S2,数学小复习出的应用题不是应用题，是计算题或者选择题。,https://cupid.zhenguanyu.com/#/analysis/user-feedback-list?userId=696621686,未触达,,,,候选（需先在关联表确认）
2.69.1::AI精准复习-期中周子威::feedback-287158486-2026/02/04 20:46:45,2.69.1,AI精准复习-期中,287158486,S2,想把经常用的教辅材料收藏或置顶，这样方便复习,https://cupid.zhenguanyu.com/#/analysis/user-feedback-list?userId=287158486,未触达,,,,候选（需先在关联表确认）
2.69.1::AI精准复习-期中周子威::feedback-374088314-2026/02/05 07:47:12,2.69.1,AI精准复习-期中,374088314,S1,今年的寒假大作战怎么没有了？初三的复习专项也没有？,https://cupid.zhenguanyu.com/#/analysis/user-feedback-list?userId=374088314,未触达,,,,候选（需先在关联表确认）
2.69.1::AI精准复习-期中周子威::feedback-250989502-2026/02/05 08:03:46,2.69.1,AI精准复习-期中,250989502,S2,能否增加语文，数学，英语，科学等单元重点知识点总结，这样更方便孩子进行知识点复习,https://cupid.zhenguanyu.com/#/analysis/user-feedback-list?userId=250989502,未触达,,,,候选（需先在关联表确认）
2.69.1::AI精准复习-期中周子威::feedback-1047582075-2026/02/22 14:03:26,2.69.1,AI精准复习-期中,1047582075,S2,我家孩子以前上1年级2年级时有写过同步练习到三年级时我想让她全部复习一次结果，1年级2年级写的全部找不到了 是怎么回事,https://cupid.zhenguanyu.com/#/analysis/user-feedback-list?userId=1047582075,未触达,,,,候选（需先在关联表确认）
2.69.1::AI精准复习-期中周子威::feedback-220439406-2026/02/23 20:33:28,2.69.1,AI精准复习-期中,220439406,S2,为什么没有S6的考试复习,https://cupid.zhenguanyu.com/#/analysis/user-feedback-list?userId=220439406,未触达,,,,候选（需先在关联表确认）
2.69.1::AI精准复习-期中周子威::feedback-405808718-2026/03/04 22:12:11,2.69.1,AI精准复习-期中,405808718,E1,字词听写之前有没有关于这个字的笔顺组词等相关的学习内容，特别是预习的时候，想学习一下这节课的字没有能学习的内容；英语也是，英语单词中没有音标和学习这个单词并组词造句的内容；建议增加字词的学习内容后再听写。,https://cupid.zhenguanyu.com/#/analysis/user-feedback-list?userId=405808718,未触达,,,,候选（需先在关联表确认）
2.69.1::AI精准复习-期中周子威::feedback-214969930-2026/03/05 01:19:31,2.69.1,AI精准复习-期中,214969930,S6,"语文英语默写错误的词不会到错题本，后期无法针对性复习。
英语绘本跟读自己无法暂停，没有缓冲时间。不会的单词也无法点读
无法针对艾宾浩斯学的单词进行有效默写
",https://cupid.zhenguanyu.com/#/analysis/user-feedback-list?userId=214969930,未触达,,,,候选（需先在关联表确认）
2.69.1::AI精准复习-期中周子威::feedback-473792868-2026/03/09 15:22:23,2.69.1,AI精准复习-期中,473792868,S2,希望增加小升初的提前预习课程,https://cupid.zhenguanyu.com/#/analysis/user-feedback-list?userId=473792868,未触达,,,,候选（需先在关联表确认）
2.69.1::AI精准复习-期中周子威::feedback-552120439-2026/03/09 21:12:40,2.69.1,AI精准复习-期中,552120439,S2,小学数学，语文，数学，英语没有预习视频吗,https://cupid.zhenguanyu.com/#/analysis/user-feedback-list?userId=552120439,未触达,,,,候选（需先在关联表确认）
2.69.1::AI精准复习-期中周子威::feedback-1065655423-2026/03/09 21:59:09,2.69.1,AI精准复习-期中,1065655423,S2,期中的课文没有更新。听写生字，以前的老大，现在版本教材改完以后生字听写不了，课文对不上,https://cupid.zhenguanyu.com/#/analysis/user-feedback-list?userId=1065655423,未触达,,,,候选（需先在关联表确认）
2.69.1::AI精准复习-期中周子威::feedback-230280978-2026/03/11 22:14:56,2.69.1,AI精准复习-期中,230280978,S6,强烈建议有字体放大功能，练习字太小了，读书复习字也小，拼音跟笔尖一样小，真的看起来太累了，对用眼不友好。强烈建议文字放大！！谢谢工程师！！！！,https://cupid.zhenguanyu.com/#/analysis/user-feedback-list?userId=230280978,未触达,,,,候选（需先在关联表确认）
2.69.1::AI精准复习-期中周子威::feedback-176779754-2026/03/15 21:37:59,2.69.1,AI精准复习-期中,176779754,S2,校内同步有课程预习就更好了,https://cupid.zhenguanyu.com/#/analysis/user-feedback-list?userId=176779754,未触达,,,,候选（需先在关联表确认）
2.69.1::AI精准复习-期中周子威::feedback-684533243-2026/03/22 11:24:35,2.69.1,AI精准复习-期中,684533243,S6,英语和语文没有像数学一样的AI复习功能,https://cupid.zhenguanyu.com/#/analysis/user-feedback-list?userId=684533243,未触达,,,,候选（需先在关联表确认）
2.69.1::AI精准复习-期中周子威::feedback-133829872-2026/03/22 19:23:14,2.69.1,AI精准复习-期中,133829872,S6,增加“题目保存进度，下次继续做”的功能。使用发现5.3归类复习，语文三下，无此功能。,https://cupid.zhenguanyu.com/#/analysis/user-feedback-list?userId=133829872,未触达,,,,候选（需先在关联表确认）
2.69.1::AI精准复习-期中周子威::feedback-747676592-2026/03/22 21:56:00,2.69.1,AI精准复习-期中,747676592,S2,在专项突破中，背单词怎么只有今天新学的内容，没有今日复习的内容呢？,https://cupid.zhenguanyu.com/#/analysis/user-feedback-list?userId=747676592,未触达,,,,候选（需先在关联表确认）
2.69.1::AI精准复习-期中周子威::feedback-67156186-2026/03/23 21:55:06,2.69.1,AI精准复习-期中,67156186,S6,希望听写中使用了提示功能的词汇直接进入错题本：【专项突破-英语单词听写和语文字词听写】：听写时，语音播报手动点击多次会出现提示功能，提示完整展现了需要默写的词汇，孩子可以直接照抄。最后成绩全对，但其中水分不小，家长不在旁边难以辨别真实成绩。提示功能确实需要，但是提示词汇最好直接算错，进入错题本，帮助孩子后续复习巩固生疏字词。,https://cupid.zhenguanyu.com/#/analysis/user-feedback-list?userId=67156186,未触达,,,,候选（需先在关联表确认）
2.69.1::AI精准复习-期中周子威::feedback-985794848-2026/03/23 22:10:07,2.69.1,AI精准复习-期中,985794848,S6,系统没有课前预习，没有课前阅读。,https://cupid.zhenguanyu.com/#/analysis/user-feedback-list?userId=985794848,未触达,,,,候选（需先在关联表确认）
2.69.1::AI精准复习-期中周子威::feedback-1119299293-2026/03/24 10:18:07,2.69.1,AI精准复习-期中,1119299293,S6,云文件上传限制文件大小，使用起来不方便。而且教辅的功能中只有练习册，而没有课程辅导书，不能进行预习。,https://cupid.zhenguanyu.com/#/analysis/user-feedback-list?userId=1119299293,未触达,,,,候选（需先在关联表确认）
2.69.1::AI精准复习-期中周子威::feedback-194310640-2026/03/24 15:12:57,2.69.1,AI精准复习-期中,194310640,S2,专项突破中的字词听写和单词听写没有记录，在机器上找不到练习的错误的记录，找统计错了多少单词生字，哪个错了，需要加强练习的地方没有提示，相对比较费劲，错误了的需要练习的单独再一个地方能找到，能专项单独复习练习就好了,https://cupid.zhenguanyu.com/#/analysis/user-feedback-list?userId=194310640,未触达,,,,候选（需先在关联表确认）
2.69.1::AI精准复习-期中周子威::feedback-175426920-2026/03/24 20:42:50,2.69.1,AI精准复习-期中,175426920,S2,背单词里背过的单词没有复习项,https://cupid.zhenguanyu.com/#/analysis/user-feedback-list?userId=175426920,未触达,,,,候选（需先在关联表确认）
2.69.1::AI精准复习-期中周子威::feedback-985794848-2026/03/30 12:28:17,2.69.1,AI精准复习-期中,985794848,S6,没有预习,https://cupid.zhenguanyu.com/#/analysis/user-feedback-list?userId=985794848,未触达,,,,候选（需先在关联表确认）
2.69.1::AI精准复习-期中周子威::feedback-266444532-2026/03/30 22:40:56,2.69.1,AI精准复习-期中,266444532,S6,希望增加这个版本53归类复习,https://cupid.zhenguanyu.com/#/analysis/user-feedback-list?userId=266444532,未触达,,,,候选（需先在关联表确认）
2.69.1::AI精准复习-期中周子威::feedback-93261514-2026/04/07 22:33:51,2.69.1,AI精准复习-期中,93261514,S2,小学三年级专项突破中的背单词。不能复习，只有每日新学的。每日复习找不见切换口。,https://cupid.zhenguanyu.com/#/analysis/user-feedback-list?userId=93261514,未触达,,,,候选（需先在关联表确认）
2.69.1::AI精准复习-期中周子威::feedback-688140512-2026/04/17 22:54:25,2.69.1,AI精准复习-期中,688140512,S6,对于初三的孩子，希望出一个专题，针对整个初中三年知识点进行梳理，配套专题，中考是考三年知识的融合，想要提分，需要梳理三年的知识点，如果只有分年级的内容，对于中考总复习帮助不大，而且可以根据梳理出来问题通过AI出题来巩固知识,https://cupid.zhenguanyu.com/#/analysis/user-feedback-list?userId=688140512,未触达,,,,候选（需先在关联表确认）
2.69.1::AI精准复习-期中周子威::feedback-476755428-2026/04/18 15:46:16,2.69.1,AI精准复习-期中,476755428,S2,人教版二年级下，AI个性化复习中第八关正确答案一直判定错误无法过关,https://cupid.zhenguanyu.com/#/analysis/user-feedback-list?userId=476755428,未触达,,,,候选（需先在关联表确认）
2.69.1::AI精准复习-期中周子威::feedback-270546992-2026/04/20 19:49:19,2.69.1,AI精准复习-期中,270546992,S2,这是什么情况？实验班没有期中老师的试题吗？其他教辅里找到了还做不了，希望尽快反馈结果,https://cupid.zhenguanyu.com/#/analysis/user-feedback-list?userId=270546992,未触达,,,,候选（需先在关联表确认）
2.69.1::AI精准复习-期中周子威::feedback-696789957-2026/04/22 21:47:52,2.69.1,AI精准复习-期中,696789957,S6,适用江苏学生教辅资料太少，还有复习模考里面的题库大多数都是好几年前的，根本不实用，教材都有所变动。,https://cupid.zhenguanyu.com/#/analysis/user-feedback-list?userId=696789957,未触达,,,,候选（需先在关联表确认）
2.69.1::AI精准复习-期中周子威::feedback-199379674-2026/04/25 10:48:05,2.69.1,AI精准复习-期中,199379674,S6,内置教辅不能横屏模式，字体实在太小。53归类复习选题做，看拼音写词语能不能选词，不要一口气。孩子错一个，就等于错一题，就得整个单元的看拼音全部重新写。而且不会自动收录在错题本,https://cupid.zhenguanyu.com/#/analysis/user-feedback-list?userId=199379674,未触达,,,,候选（需先在关联表确认）
2.69.1::AI精准复习-期中周子威::feedback-556785762-2026/04/25 15:32:10,2.69.1,AI精准复习-期中,556785762,S2,复习计划怎么只有数学，没有语文英语其他科目的,https://cupid.zhenguanyu.com/#/analysis/user-feedback-list?userId=556785762,未触达,,,,候选（需先在关联表确认）
2.69.1::AI精准复习-期中周子威::feedback-730649813-2026/04/26 13:15:48,2.69.1,AI精准复习-期中,730649813,S2,说实话，真的很失望，因为你这个小袁，下次如果要换的话，我都不可能换，你们家的这里小朋友马上要期中考试了，居然不能刷期中的题。特别是实验班的那种教材。,https://cupid.zhenguanyu.com/#/analysis/user-feedback-list?userId=730649813,未触达,,,,候选（需先在关联表确认）
2.69.1::AI精准复习-期中周子威::feedback-1047582075-2026/05/01 18:11:42,2.69.1,AI精准复习-期中,1047582075,S2,"我家孩子以前上1年级2年级时有写过同步练习到三年级时我想让她全部复习一次，结果1年级2年级写的全部找不到了 是怎么回事
",https://cupid.zhenguanyu.com/#/analysis/user-feedback-list?userId=1047582075,未触达,,,,候选（需先在关联表确认）
2.69.1::AI精准复习-期中周子威::feedback-239284412-2026/05/04 20:28:20,2.69.1,AI精准复习-期中,239284412,S6,复习模考类 选择了地方卷 出来的还是别的地方的！比如选择了南通  下面还是出现青岛 北京,https://cupid.zhenguanyu.com/#/analysis/user-feedback-list?userId=239284412,未触达,,,,候选（需先在关联表确认）
2.69.1::AI精准复习-期中周子威::feedback-183095138-2026/05/06 08:21:39,2.69.1,AI精准复习-期中,183095138,S2,没有复习建议这是大bug，根据孩子错题给出针对性复习，语文听生字没有按需听写，非要一单元一练,https://cupid.zhenguanyu.com/#/analysis/user-feedback-list?userId=183095138,未触达,,,,候选（需先在关联表确认）
2.69.1::AI精准复习-期中周子威::feedback-41992765-2026/05/07 07:55:18,2.69.1,AI精准复习-期中,41992765,S6,设备卡，使用不流畅，一会儿可以用，一会儿不可用，同步更新的复习题库，讲解文不对题，无法学习,https://cupid.zhenguanyu.com/#/analysis/user-feedback-list?userId=41992765,未触达,,,,候选（需先在关联表确认）
2.69.1::AI精准复习-期中周子威::feedback-226889258-2026/05/10 07:32:45,2.69.1,AI精准复习-期中,226889258,S6,那个艾宾浩斯遗忘曲线背单词很好，但其中应该加一个功能，就是可以把已经完全掌握的单词筛掉，不然会的单词也反复需要复习，很浪费时间。还有一点应该进一步改进就是判断这个单词是否记住还是要加强制判断，可以让孩子用语音或文字写出单词的其中一个意思就算对，现在只让他自己说认不认识就必须要家长陪着学，问他什么意思，不然他偷懒会全点成认识的！,https://cupid.zhenguanyu.com/#/analysis/user-feedback-list?userId=226889258,未触达,,,,候选（需先在关联表确认）
2.69.1::AI精准复习-期中周子威::feedback-135400204-2026/05/12 09:53:21,2.69.1,AI精准复习-期中,135400204,S6,"1.没有小升初总复习练习，只有六年级的配套练习。（没有针对小考、中考、高考。）
2.客户自己上传的云文件练习，错题进不了错题本。",https://cupid.zhenguanyu.com/#/analysis/user-feedback-list?userId=135400204,未触达,,,,候选（需先在关联表确认）
2.69.1::AI精准复习-期中周子威::feedback-405437370-2026/05/13 07:02:50,2.69.1,AI精准复习-期中,405437370,S6,什么时候出小升初总复习版块？,https://cupid.zhenguanyu.com/#/analysis/user-feedback-list?userId=405437370,未触达,,,,候选（需先在关联表确认）
2.69.1::AI精准复习-期中周子威::feedback-580339904-2026/05/17 16:29:24,2.69.1,AI精准复习-期中,580339904,S1,"致小猿学练机（北京寸阴成器科技有限公司），现就产品""系统强制限制自定义单词本每次只能添加100个单词""严重设计缺陷进行投诉。

自定义单词本强制限制每次仅能添加100个单词，孩子日常复习量远超此数，导致前面听完后面就忘，完全无法形成有效复习闭环。花高价购买的学习设备，因这一不合理系统限制基本长期无法使用，严重影响核心功能体验。

现正式要求：立即解除该限制，至少将自定义单词本容量提升至500个。如未得到有效处理，我将依次向全国12315平台（投诉主体：北京寸阴成器科技有限公司）、黑猫投诉等渠道实名投诉，并保留向媒体曝光权利。

拒绝为设计缺陷买单，请尽快答复处理方案。",https://cupid.zhenguanyu.com/#/analysis/user-feedback-list?userId=580339904,未触达,,,,候选（需先在关联表确认）
2.69.1::AI精准复习-期中周子威::feedback-520306796-2026/05/21 06:46:58,2.69.1,AI精准复习-期中,520306796,S6,小学阶段没有看生字写拼音的复习板块，还有就是输入法中也应该有语音输入，方便自定义输入看拼音写词语的内容，一个一个手打很费时间。,https://cupid.zhenguanyu.com/#/analysis/user-feedback-list?userId=520306796,未触达,,,,候选（需先在关联表确认）
2.69.1::AI精准复习-期中周子威::feedback-580339904-2026/06/02 15:32:52,2.69.1,AI精准复习-期中,580339904,S1,您好！我购买的小猿学练机“听写单词”板块自定义单词一次只能添加100个，使用中几乎让我崩溃。孩子课外单词量远超这个数，每次都要分好几批手动添加，操作繁琐耗时，前面刚加完的单词还没巩固就又得清掉换下一批，复习完全被打乱。正因这个限制，我买的学练机几乎无法使用，无奈又买了zuoyebang的设备，发现对方根本没有这个困扰。调整数量上限并不是什么难题，希望客服核实后帮我把自定义单词容量提升到300至500个。此前我也反馈过，贵公司始终没有回应。如果这次仍无法解决，我只能彻底转向其它平台，相信很多家长和我感受相同，贵公司也可能因此流失大量用户。恳请重视认真对待客户的反馈，尽快整改。,https://cupid.zhenguanyu.com/#/analysis/user-feedback-list?userId=580339904,未触达,,,,候选（需先在关联表确认）
2.67.0::支持英语作文批改周子威::feedback-738972665-2026/01/15 22:56:57,2.67.0,英语作文批改,738972665,S2,建议能个英语作文批改和辅导,https://cupid.zhenguanyu.com/#/analysis/user-feedback-list?userId=738972665,未触达,,,,候选（需先在关联表确认）
2.67.0::支持英语作文批改周子威::feedback-214935108-2026/01/03 10:59:57,2.67.0,英语作文批改,214935108,S2,AI作文辅导设置家长控制,https://cupid.zhenguanyu.com/#/analysis/user-feedback-list?userId=214935108,未触达,,,,候选（需先在关联表确认）
2.67.0::支持英语作文批改周子威::feedback-925597722-2026/01/05 22:33:37,2.67.0,英语作文批改,925597722,S2,AI作文辅导随和关闭，小孩经常在上边抄作文,https://cupid.zhenguanyu.com/#/analysis/user-feedback-list?userId=925597722,未触达,,,,候选（需先在关联表确认）
2.67.0::支持英语作文批改周子威::feedback-260226438-2026/02/02 11:10:19,2.67.0,英语作文批改,260226438,S2,我想要一个英语作文的指导和批改,https://cupid.zhenguanyu.com/#/analysis/user-feedback-list?userId=260226438,未触达,,,,候选（需先在关联表确认）
2.67.0::支持英语作文批改周子威::feedback-678578920-2026/02/24 17:26:31,2.67.0,英语作文批改,678578920,S2,能否把AI作文辅导语音输入模式，改成字符输入模式,https://cupid.zhenguanyu.com/#/analysis/user-feedback-list?userId=678578920,未触达,,,,候选（需先在关联表确认）
2.67.0::支持英语作文批改周子威::feedback-672703168-2026/03/08 11:27:22,2.67.0,英语作文批改,672703168,S6,不能批英语作文，小猿口算app都可以,https://cupid.zhenguanyu.com/#/analysis/user-feedback-list?userId=672703168,未触达,,,,候选（需先在关联表确认）
2.67.0::支持英语作文批改周子威::feedback-752429525-2026/03/19 21:26:12,2.67.0,英语作文批改,752429525,S2,AI作文辅导是否可以家长端关闭,https://cupid.zhenguanyu.com/#/analysis/user-feedback-list?userId=752429525,未触达,,,,候选（需先在关联表确认）
2.67.0::支持英语作文批改周子威::feedback-510075731-2026/03/25 20:13:41,2.67.0,英语作文批改,510075731,S2,作文批改不了！显示如图,https://cupid.zhenguanyu.com/#/analysis/user-feedback-list?userId=510075731,未触达,,,,候选（需先在关联表确认）
2.67.0::支持英语作文批改周子威::feedback-812654801-2026/03/27 14:40:11,2.67.0,英语作文批改,812654801,E1,学练机没有英语作文的批改答疑功能，批改错误，没有答题，批该满分。教辅里边英语作文错误不能收录错题本。,https://cupid.zhenguanyu.com/#/analysis/user-feedback-list?userId=812654801,未触达,,,,候选（需先在关联表确认）
2.67.0::支持英语作文批改周子威::feedback-140904182-2026/04/05 11:42:26,2.67.0,英语作文批改,140904182,S2,英语小作文批改不了,https://cupid.zhenguanyu.com/#/analysis/user-feedback-list?userId=140904182,未触达,,,,候选（需先在关联表确认）
2.67.0::支持英语作文批改周子威::feedback-344767988-2026/04/18 06:04:15,2.67.0,英语作文批改,344767988,S2,"AI作文辅导功能不能关闭，导致孩子沉迷于和AI聊天，看AI编的作文故事。偷偷熬夜看，建议学练机可以设置家长管控这个功能及家长可以设置开关机时间。
不能连接打印机是一大弊端，无法总结错题成可视的纸质材料。无法打印出题目给孩子做。",https://cupid.zhenguanyu.com/#/analysis/user-feedback-list?userId=344767988,未触达,,,,候选（需先在关联表确认）
2.67.0::支持英语作文批改周子威::feedback-344767988-2026/04/18 06:09:38,2.67.0,英语作文批改,344767988,S2,"补充一下，孩子使用AI作文辅导，家长端小程序还看不出来使用记录，这样更增加孩子沉迷的机会。
另外建议自带的电子书家长可以筛选，不然孩子容易沉迷于漫画及其他低质量的文学作品。",https://cupid.zhenguanyu.com/#/analysis/user-feedback-list?userId=344767988,未触达,,,,候选（需先在关联表确认）
2.67.0::支持英语作文批改周子威::feedback-679508172-2026/04/19 12:37:37,2.67.0,英语作文批改,679508172,S6,ai作文辅导润色后不能导出打印,https://cupid.zhenguanyu.com/#/analysis/user-feedback-list?userId=679508172,未触达,,,,候选（需先在关联表确认）
2.67.0::支持英语作文批改周子威::feedback-679508172-2026/04/23 07:32:23,2.67.0,英语作文批改,679508172,S6,作文批改后怎么打印出来,https://cupid.zhenguanyu.com/#/analysis/user-feedback-list?userId=679508172,未触达,,,,候选（需先在关联表确认）
2.67.0::支持英语作文批改周子威::feedback-222492988-2026/04/25 17:19:05,2.67.0,英语作文批改,222492988,S2,AI作文辅导中，说了一定数量问题后就会强制开启新对话，无法在发表交流，如果一时有事退出，之前的对话会清零，不能接着之前的交流,https://cupid.zhenguanyu.com/#/analysis/user-feedback-list?userId=222492988,未触达,,,,候选（需先在关联表确认）
2.67.0::支持英语作文批改周子威::feedback-714580775-2026/04/25 21:40:31,2.67.0,英语作文批改,714580775,S2,能不能加上家长管控Ai大模行，孩子可以在Aⅰ作文辅导搜到小说在看，而且还不是儿童读物,https://cupid.zhenguanyu.com/#/analysis/user-feedback-list?userId=714580775,未触达,,,,候选（需先在关联表确认）
2.67.0::支持英语作文批改周子威::feedback-236760556-2026/04/28 21:59:36,2.67.0,英语作文批改,236760556,S2,"希望能添加一个英语作文，每一次英语考试都要考，能加个练习题
",https://cupid.zhenguanyu.com/#/analysis/user-feedback-list?userId=236760556,未触达,,,,候选（需先在关联表确认）
2.67.0::支持英语作文批改周子威::feedback-616576966-2026/01/06 21:27:20,2.67.0,英语作文批改,616576966,S2,英语没有每个单元的小作文 推荐和巩固分析,https://cupid.zhenguanyu.com/#/analysis/user-feedback-list?userId=616576966,未触达,,,,候选（需先在关联表确认）
2.67.0::支持英语作文批改周子威::feedback-33168813-2026/01/07 22:05:40,2.67.0,英语作文批改,33168813,S6,“作文2”打开后上面的图画就没有了，不止这个图片，还有很多颜色稍微有点彩色就成空白了,https://cupid.zhenguanyu.com/#/analysis/user-feedback-list?userId=33168813,未触达,,,,候选（需先在关联表确认）
2.67.0::支持英语作文批改周子威::feedback-730029519-2026/01/15 06:49:46,2.67.0,英语作文批改,730029519,S2,能否把deepseek辅导作文功能家长手动关闭，孩子用它来构思与学习无关的内容。,https://cupid.zhenguanyu.com/#/analysis/user-feedback-list?userId=730029519,未触达,,,,候选（需先在关联表确认）
2.67.0::支持英语作文批改周子威::feedback-465106076-2026/01/20 11:44:22,2.67.0,英语作文批改,465106076,S2,作文写的很好为什么不符合学生作文规,https://cupid.zhenguanyu.com/#/analysis/user-feedback-list?userId=465106076,未触达,,,,候选（需先在关联表确认）
2.67.0::支持英语作文批改周子威::feedback-724282899-2026/01/20 20:59:30,2.67.0,英语作文批改,724282899,S2,你好，使用下来有点儿建议，可不可以把教辅专区再细分一下。数学可以分为口算，同步，拔高，奥数。语文和英语分为同步，阅读理解，作文。然后教辅的难易程度也排个序，这样的话可以按照孩子的实际情况按需进行练习,https://cupid.zhenguanyu.com/#/analysis/user-feedback-list?userId=724282899,未触达,,,,候选（需先在关联表确认）
2.67.0::支持英语作文批改周子威::feedback-257775852-2026/01/29 11:23:53,2.67.0,英语作文批改,257775852,S2,"1.添加打印功能：练习/测试/作文/万能本书写等学习报告，应添加打印功能，这样可以完成上交学校作业。否则哪有那么多时间还要写学校作业，还要用这个学习机？
2.学习计划应可以自主设置：比如我打算寒假一个月，重点学习哪些学科，哪些知识点，有个偏好选择功能，然后按照设置条件去生成AI计划。现在只能按照系统内置的计划走，没有实用价值.",https://cupid.zhenguanyu.com/#/analysis/user-feedback-list?userId=257775852,未触达,,,,候选（需先在关联表确认）
2.67.0::支持英语作文批改周子威::feedback-1126845357-2026/03/07 22:50:00,2.67.0,英语作文批改,1126845357,S6,没有初中的作文书吗,https://cupid.zhenguanyu.com/#/analysis/user-feedback-list?userId=1126845357,未触达,,,,候选（需先在关联表确认）
2.67.0::支持英语作文批改周子威::feedback-808835396-2026/03/14 20:23:57,2.67.0,英语作文批改,808835396,S2,"1希望增加一些作文教材，去英语配套范文，语文满分作文。
2其实我觉得ai的吸引力没有知识树大，像是思维导图，现在的ai真的很难评
3我希望能新增像洋葱学院的学习经验分享讨论功能，给孩子推送筛选一些别人的学习方法，和别人的计划，用来激励参考
🌹🌹🌹",https://cupid.zhenguanyu.com/#/analysis/user-feedback-list?userId=808835396,未触达,,,,候选（需先在关联表确认）
2.67.0::支持英语作文批改周子威::feedback-746101241-2026/03/15 15:29:34,2.67.0,英语作文批改,746101241,S2,网络太卡了，AI辅导作文的记录找不到,https://cupid.zhenguanyu.com/#/analysis/user-feedback-list?userId=746101241,未触达,,,,候选（需先在关联表确认）
2.67.0::支持英语作文批改周子威::feedback-253625188-2026/03/29 14:13:40,2.67.0,英语作文批改,253625188,S2,为什么批改作文，写不符合学生规则，批改不了,https://cupid.zhenguanyu.com/#/analysis/user-feedback-list?userId=253625188,未触达,,,,候选（需先在关联表确认）
2.66.1::单元真题测::feedback-271002740-2026/04/13 21:11:33,2.66.1,单元真题测,271002740,S2,教材同步里数学单元真题测试无法提交练习批改申请,https://cupid.zhenguanyu.com/#/analysis/user-feedback-list?userId=271002740,未触达,,,,候选（需先在关联表确认）
2.66.1::单元真题测::feedback-581004270-2026/01/02 21:06:25,2.66.1,单元真题测,581004270,S2,二年级冀教版单元卷中，2025-2026中上学期第一单元测试卷中，里面有一道题的答案是错误的，答案应该是93,https://cupid.zhenguanyu.com/#/analysis/user-feedback-list?userId=581004270,未触达,,,,候选（需先在关联表确认）
2.66.1::单元真题测::feedback-744049517-2026/05/06 20:18:28,2.66.1,单元真题测,744049517,S2,为什么高中课程没有英语单词听写？难道高中就不需要单词了吗？可以把单词听写放在教材同步，单元测试的后面。高中单词听写也很重要啊。麻烦在6月份之前增加高中对应英语版本的听写单词功能,https://cupid.zhenguanyu.com/#/analysis/user-feedback-list?userId=744049517,未触达,,,,候选（需先在关联表确认）
2.66.1::单元真题测::feedback-696181712-2026/01/24 20:14:34,2.66.1,单元真题测,696181712,S2,小猿，能不能增加一个王朝霞的教辅，单元测和期中期末考试卷子的那种，语文、科普版英语的,https://cupid.zhenguanyu.com/#/analysis/user-feedback-list?userId=696181712,未触达,,,,候选（需先在关联表确认）
2.66.1::单元真题测::feedback-1131109783-2026/04/05 20:15:31,2.66.1,单元真题测,1131109783,S2,教材同步中的单元测只能测一次，原来单元测可以随机出题，题目量也较多，现在更新的功能没有原来的好用,https://cupid.zhenguanyu.com/#/analysis/user-feedback-list?userId=1131109783,未触达,,,,候选（需先在关联表确认）
2.66.1::单元真题测::feedback-1075127234-2026/04/28 20:47:42,2.66.1,单元真题测,1075127234,E1,更新后单元测没几道题目了，以前单元测可以每天都做不同的，五三天天练专项内容也比以前减少了,https://cupid.zhenguanyu.com/#/analysis/user-feedback-list?userId=1075127234,未触达,,,,候选（需先在关联表确认）
2.66.1::单元真题测::feedback-521631520-2026/01/07 13:10:58,2.66.1,单元真题测,521631520,E1,希望能有过往几年期中和期末试卷真题讲解的功能,https://cupid.zhenguanyu.com/#/analysis/user-feedback-list?userId=521631520,未触达,,,,候选（需先在关联表确认）
2.66.1::单元真题测::feedback-293110442-2026/01/18 20:10:43,2.66.1,单元真题测,293110442,S6,真题实战模拟两张试卷内容一模一样,https://cupid.zhenguanyu.com/#/analysis/user-feedback-list?userId=293110442,未触达,,,,候选（需先在关联表确认）
2.66.1::单元真题测::feedback-705579307-2026/01/20 06:00:14,2.66.1,单元真题测,705579307,S2,请增加数学全品练习册和语数英真题圈,https://cupid.zhenguanyu.com/#/analysis/user-feedback-list?userId=705579307,未触达,,,,候选（需先在关联表确认）
2.66.1::单元真题测::feedback-1120739809-2026/01/30 22:57:09,2.66.1,单元真题测,1120739809,S2,小猿学练机S2里面有没有上海的中考真题？从哪里能找到？,https://cupid.zhenguanyu.com/#/analysis/user-feedback-list?userId=1120739809,未触达,,,,候选（需先在关联表确认）
2.66.1::单元真题测::feedback-381042860-2026/02/10 19:52:19,2.66.1,单元真题测,381042860,S2,口算练习以及各种试卷真题练习，每一次做完一关机或者退出就没有保存了，比如说有时候要打卡的时候呢，退出了就得再做一遍就没有办法，还有英语，语文都是一样的，希望能有一个存档，就是做完之后能退出之后还能有记录,https://cupid.zhenguanyu.com/#/analysis/user-feedback-list?userId=381042860,未触达,,,,候选（需先在关联表确认）
2.66.1::单元真题测::feedback-249763748-2026/03/02 00:03:14,2.66.1,单元真题测,249763748,S6,新疆真题卷太老旧了，可以更新一下吗,https://cupid.zhenguanyu.com/#/analysis/user-feedback-list?userId=249763748,未触达,,,,候选（需先在关联表确认）
2.66.1::单元真题测::feedback-460876006-2026/03/17 14:53:06,2.66.1,单元真题测,460876006,S6,建议增加北京真题圈试卷，而且北京版数学的对应专项练习没有，试题也少,https://cupid.zhenguanyu.com/#/analysis/user-feedback-list?userId=460876006,未触达,,,,候选（需先在关联表确认）
2.66.1::单元真题测::feedback-530595566-2026/04/18 17:46:07,2.66.1,单元真题测,530595566,S2,内容应该都是历年来题目的汇总或者真题  在使用中显示后续内容还未更新 要等,https://cupid.zhenguanyu.com/#/analysis/user-feedback-list?userId=530595566,未触达,,,,候选（需先在关联表确认）
2.66.1::单元真题测::feedback-426815684-2026/05/04 09:33:25,2.66.1,单元真题测,426815684,S6,我发现实验班真题四年级下外研英语单元练习听力全是错的，第二单元是第一单元的听力，第三单元是第二单元听力，麻烦你们处理下赶紧更改。,https://cupid.zhenguanyu.com/#/analysis/user-feedback-list?userId=426815684,未触达,,,,候选（需先在关联表确认）
2.66.1::单元真题测::feedback-696789957-2026/05/26 22:25:56,2.66.1,单元真题测,696789957,S6,译林版，江苏真题严重不足，与宣传不足，无法满足校内同步需求小猿学练机s6,https://cupid.zhenguanyu.com/#/analysis/user-feedback-list?userId=696789957,未触达,,,,候选（需先在关联表确认）
2.66.1::单元真题测::feedback-524449714-2026/06/06 13:32:36,2.66.1,单元真题测,524449714,S6,初中教材全解体验感不好，里面字体太小，看不清，费眼睛，上传的练习题或者有些真题试卷，还有阅读书里面的字体能放大缩小就好了，还有语文同步教材，里面的字体太灰，不能调节，字体的深浅能调节就更好了,https://cupid.zhenguanyu.com/#/analysis/user-feedback-list?userId=524449714,未触达,,,,候选（需先在关联表确认）
2.65.0::-ai助手外显::feedback-726665947-2026/02/03 22:33:10,2.65.0,-ai助手外显,726665947,S6,优优老师和小猿学习数据传输不完整，无法知晓小猿中“寒假大作战”的语文、数学、英语寒假练习完成情况。如果小朋友在完成这个版块的学习和作业后，没有再做其他版块的，优优老师就没办法知晓小朋友的学习情况。,https://cupid.zhenguanyu.com/#/analysis/user-feedback-list?userId=726665947,未触达,,,,候选（需先在关联表确认）
2.65.0::-ai助手外显::feedback-197020792-2026/01/11 09:53:22,2.65.0,-ai助手外显,197020792,S6,切换了两个孩子 账户 优优老师是错乱的 无法识别  ,https://cupid.zhenguanyu.com/#/analysis/user-feedback-list?userId=197020792,未触达,,,,候选（需先在关联表确认）
2.65.0::-ai助手外显::feedback-626161038-2026/01/18 22:10:22,2.65.0,-ai助手外显,626161038,S6,优优老师识别不到近期做过的练习情况,https://cupid.zhenguanyu.com/#/analysis/user-feedback-list?userId=626161038,未触达,,,,候选（需先在关联表确认）
2.65.0::-ai助手外显::feedback-178963212-2026/01/26 22:18:23,2.65.0,-ai助手外显,178963212,S6,优优老师的回复内容有误，无网络情况下大部分内容不可用，我认为需要更新优优老师话术,https://cupid.zhenguanyu.com/#/analysis/user-feedback-list?userId=178963212,未触达,,,,候选（需先在关联表确认）
2.65.0::-ai助手外显::feedback-689115158-2026/01/28 15:39:32,2.65.0,-ai助手外显,689115158,S6,"
- **反复巩固**：学练机可针对错误字词开启反复听写模式，让孩子多听多写，强化记忆。

优优老师回答的，但是如何设置和进行？",https://cupid.zhenguanyu.com/#/analysis/user-feedback-list?userId=689115158,未触达,,,,候选（需先在关联表确认）
2.65.0::-ai助手外显::feedback-731965851-2026/01/01 16:25:34,2.65.0,-ai助手外显,731965851,S2,想关闭小猿的AI功能，找不到入口,https://cupid.zhenguanyu.com/#/analysis/user-feedback-list?userId=731965851,未触达,,,,候选（需先在关联表确认）
2.65.0::-ai助手外显::feedback-1065016463-2026/01/03 18:17:04,2.65.0,-ai助手外显,1065016463,S2,小猿智能手写笔不灵,https://cupid.zhenguanyu.com/#/analysis/user-feedback-list?userId=1065016463,未触达,,,,候选（需先在关联表确认）
2.65.0::-ai助手外显::feedback-257470798-2026/01/03 22:53:24,2.65.0,-ai助手外显,257470798,S6,你们的超级小猿回答，内容出现乱码，不更新吗？,https://cupid.zhenguanyu.com/#/analysis/user-feedback-list?userId=257470798,未触达,,,,候选（需先在关联表确认）
2.65.0::-ai助手外显::feedback-532490548-2026/01/04 20:06:56,2.65.0,-ai助手外显,532490548,S2,小猿未找到可识别项目检查失败,https://cupid.zhenguanyu.com/#/analysis/user-feedback-list?userId=532490548,未触达,,,,候选（需先在关联表确认）
2.65.0::-ai助手外显::feedback-195741134-2026/01/04 21:30:44,2.65.0,-ai助手外显,195741134,S6,希望学练机、学习机绑定的孩子信息能够和小猿ai上孩子的信息互通,https://cupid.zhenguanyu.com/#/analysis/user-feedback-list?userId=195741134,未触达,,,,候选（需先在关联表确认）
2.65.0::-ai助手外显::feedback-731965851-2026/01/06 22:12:30,2.65.0,-ai助手外显,731965851,S2,"想关闭小猿的AI功能，找不到入口
",https://cupid.zhenguanyu.com/#/analysis/user-feedback-list?userId=731965851,未触达,,,,候选（需先在关联表确认）
2.65.0::-ai助手外显::feedback-719850691-2026/01/07 20:21:29,2.65.0,-ai助手外显,719850691,E1,小猿学练机显示屏点好几次才有反应，而且比在靠近屏幕时就会在屏幕上出现一条线,https://cupid.zhenguanyu.com/#/analysis/user-feedback-list?userId=719850691,未触达,,,,候选（需先在关联表确认）
2.65.0::-ai助手外显::feedback-257890170-2026/01/08 10:11:47,2.65.0,-ai助手外显,257890170,S2,您好，有了小猿很多时候都是在小猿上练习，但是孩子书写很潦草，可以增加连接打印机打印功能吗？家长可以根据孩子薄弱提前准备好,https://cupid.zhenguanyu.com/#/analysis/user-feedback-list?userId=257890170,未触达,,,,候选（需先在关联表确认）
2.65.0::-ai助手外显::feedback-684648358-2026/01/08 22:01:47,2.65.0,-ai助手外显,684648358,S2,1月7号晚上用猿力点兑换了两本书，结果猿力点扣掉了20，书并没有在小猿里，怎么样才能把书补给我,https://cupid.zhenguanyu.com/#/analysis/user-feedback-list?userId=684648358,未触达,,,,候选（需先在关联表确认）
2.65.0::-ai助手外显::feedback-528519620-2026/01/10 14:39:05,2.65.0,-ai助手外显,528519620,S2,小猿学练机上发送不了作品,https://cupid.zhenguanyu.com/#/analysis/user-feedback-list?userId=528519620,未触达,,,,候选（需先在关联表确认）
2.65.0::-ai助手外显::feedback-470875230-2026/01/10 15:54:23,2.65.0,-ai助手外显,470875230,S6,建议看看某帮学练机测评对比，更新咱们题库和功能，看对比小猿在小学可能够使，初中有可能资源就少一点了，建议更新起来，初中还有看拼音写词语确实有点鸡肋了,https://cupid.zhenguanyu.com/#/analysis/user-feedback-list?userId=470875230,未触达,,,,候选（需先在关联表确认）
2.65.0::-ai助手外显::feedback-696141826-2026/01/10 22:18:18,2.65.0,-ai助手外显,696141826,S6,语文阅读理解的答案不正确。语文书上有标准答案，但小猿批改的答案明显不一样，正确答案批错。,https://cupid.zhenguanyu.com/#/analysis/user-feedback-list?userId=696141826,未触达,,,,候选（需先在关联表确认）
2.65.0::-ai助手外显::feedback-632784980-2026/01/11 12:35:25,2.65.0,-ai助手外显,632784980,S2,AI期末个性复习，最后一关总是提示不对，反复改了（改的绝对正确，家长改了几遍，孩子改了几遍，小猿无法识别）无法进行下一关，请设置可以往下进行闯关，一家要疯了,https://cupid.zhenguanyu.com/#/analysis/user-feedback-list?userId=632784980,未触达,,,,候选（需先在关联表确认）
2.65.0::-ai助手外显::feedback-353001196-2026/01/12 19:39:53,2.65.0,-ai助手外显,353001196,S2,"小猿AI智慧辅导里面查词翻译功能不能手写,有的汉字孩子不认识不知道读音，就无法使用查词功能",https://cupid.zhenguanyu.com/#/analysis/user-feedback-list?userId=353001196,未触达,,,,候选（需先在关联表确认）
2.65.0::-ai助手外显::feedback-620716562-2026/01/12 22:05:47,2.65.0,-ai助手外显,620716562,S2,课本教材不能及时更新！没办法预习！建议小猿及时更新教材，上传到设备,https://cupid.zhenguanyu.com/#/analysis/user-feedback-list?userId=620716562,未触达,,,,候选（需先在关联表确认）
2.65.0::-ai助手外显::feedback-675200371-2026/01/13 20:31:23,2.65.0,-ai助手外显,675200371,S2,学练机扫描批题，没有手机小猿AI批题准，而且学练机有的没有，什么原因？,https://cupid.zhenguanyu.com/#/analysis/user-feedback-list?userId=675200371,未触达,,,,候选（需先在关联表确认）
2.65.0::-ai助手外显::feedback-293992190-2026/01/14 08:48:57,2.65.0,-ai助手外显,293992190,S2,英语听力太简单了，没有难度的提升，每一关难度都一样，小学五六年级英语考试有一整段听力回答五道题，小猿里面基本都是一句到三句，回答一道题，达不到需要的水平。,https://cupid.zhenguanyu.com/#/analysis/user-feedback-list?userId=293992190,未触达,,,,候选（需先在关联表确认）
2.65.0::-ai助手外显::feedback-367127832-2026/01/14 12:45:25,2.65.0,-ai助手外显,367127832,S2,寒假大作战课程没有出现，小猿电台一起读绘本中关于北极星毛发故事内容错误,https://cupid.zhenguanyu.com/#/analysis/user-feedback-list?userId=367127832,未触达,,,,候选（需先在关联表确认）
2.65.0::-ai助手外显::feedback-1050364401-2026/01/14 15:39:48,2.65.0,-ai助手外显,1050364401,S2,小猿笔是真差劲，后台解决问题也差劲，我绝对不会安利给任何人用小猿,https://cupid.zhenguanyu.com/#/analysis/user-feedback-list?userId=1050364401,未触达,,,,候选（需先在关联表确认）
2.65.0::-ai助手外显::feedback-256778012-2026/01/15 18:52:10,2.65.0,-ai助手外显,256778012,S2,拍照答题功能家长能在App控制最好了，天天拍照搜答案，在小猿学练机做题也是没完成直接去订正看答案，实验班也没有更新,https://cupid.zhenguanyu.com/#/analysis/user-feedback-list?userId=256778012,未触达,,,,候选（需先在关联表确认）
2.65.0::-ai助手外显::feedback-253189952-2026/01/15 19:38:55,2.65.0,-ai助手外显,253189952,S2,针对教材的练习题，希望有简单到困难的选择，孩子反应习题太难，已经很久不用小猿做题了，跟学校教学不一致,https://cupid.zhenguanyu.com/#/analysis/user-feedback-list?userId=253189952,未触达,,,,候选（需先在关联表确认）
2.65.0::-ai助手外显::feedback-190425874-2026/01/16 08:54:45,2.65.0,-ai助手外显,190425874,S6,所有的图书，字都太小，又不能调整大小，根本用不上，那么多图书，白搭，太浪费了。语文专项练习：1，古诗应该增加一项，背诵默写，尤其是默写，这方面某帮s50学练机有；2，课文点读，背诵课文这块，字也是太小，导致很不好用，孩子看着很不舒服，也不利于护眼。这方面也是某帮做得更好。我买了小猿s6和某帮s50，对比，最后打算留小猿，最主要看中小猿的护眼屏幕，外加理科方面小猿推题和讲解相对更精准。但文科方面确实,https://cupid.zhenguanyu.com/#/analysis/user-feedback-list?userId=190425874,未触达,,,,候选（需先在关联表确认）
2.65.0::-ai助手外显::feedback-190425874-2026/01/16 08:55:16,2.65.0,-ai助手外显,190425874,S6,所有的图书，字都太小，又不能调整大小，根本用不上，那么多图书，白搭，太浪费了。语文专项练习：1，古诗应该增加一项，背诵默写，尤其是默写，这方面某帮s50学练机有；2，课文点读，背诵课文这块，字也是太小，导致很不好用，孩子看着很不舒服，也不利于护眼。这方面也是某帮做得更好。我买了小猿s6和某帮s50，对比，最后打算留小猿，最主要看中小猿的护眼屏幕，外加理科方面小猿推题和讲解相对更精准。但文科方面确实,https://cupid.zhenguanyu.com/#/analysis/user-feedback-list?userId=190425874,未触达,,,,候选（需先在关联表确认）
2.65.0::-ai助手外显::feedback-263242054-2026/01/17 21:49:24,2.65.0,-ai助手外显,263242054,S2,没有想要的功能，想把小猿里的习题，分享至微信打印出来,https://cupid.zhenguanyu.com/#/analysis/user-feedback-list?userId=263242054,未触达,,,,候选（需先在关联表确认）
2.65.0::-ai助手外显::feedback-535499411-2026/01/18 09:54:58,2.65.0,-ai助手外显,535499411,S2,你好，小猿S2，英语教材的教材同步和体系学习材料是错的，还是旧版的，但在教辅专区的学霸笔记又是正确的（正确可参考这个）,https://cupid.zhenguanyu.com/#/analysis/user-feedback-list?userId=535499411,未触达,,,,候选（需先在关联表确认）
2.65.0::-ai助手外显::feedback-252627988-2026/01/18 20:39:10,2.65.0,-ai助手外显,252627988,S2,"学练机的资源没有小猿口算APP多
用学练机检查题目，有的有答案没有讲解视频，但是用小猿口算APP可以搜到讲解视频",https://cupid.zhenguanyu.com/#/analysis/user-feedback-list?userId=252627988,未触达,,,,候选（需先在关联表确认）
2.65.0::-ai助手外显::feedback-469454008-2026/01/19 06:47:06,2.65.0,-ai助手外显,469454008,S2,小猿只能设备App需要看到准确的时间段，学习机打开的页面，能准确知道学习机几点几分在干什么。,https://cupid.zhenguanyu.com/#/analysis/user-feedback-list?userId=469454008,未触达,,,,候选（需先在关联表确认）
2.65.0::-ai助手外显::feedback-273110562-2026/01/19 08:17:00,2.65.0,-ai助手外显,273110562,S2,做完题批改时好多题小猿批改完都是空题，孩子明明做过了，但是批改时做过的题不见了全是空的,https://cupid.zhenguanyu.com/#/analysis/user-feedback-list?userId=273110562,未触达,,,,候选（需先在关联表确认）
2.65.0::-ai助手外显::feedback-1094935819-2026/01/19 12:45:22,2.65.0,-ai助手外显,1094935819,S6,让小猿出的计算题显示看不到，语音播报很难记下题目。,https://cupid.zhenguanyu.com/#/analysis/user-feedback-list?userId=1094935819,未触达,,,,候选（需先在关联表确认）
2.65.0::-ai助手外显::feedback-547945396-2026/01/19 19:06:06,2.65.0,-ai助手外显,547945396,S6,能不能多更新一点冀教版的题尤其英语和数学。配套的练习书也少。还有就是，老师们平时都要求交纸质的口算单词听写什么的，咱们的学练本能不能增加导出生成文件或图片之类的，还有做卷子也是一样，可以打印。这样就不用买别的了。现在是就算用小猿能练但是没法交给老师，还得买别的书。谢谢,https://cupid.zhenguanyu.com/#/analysis/user-feedback-list?userId=547945396,未触达,,,,候选（需先在关联表确认）
2.65.0::-ai助手外显::feedback-750660181-2026/01/19 22:27:08,2.65.0,-ai助手外显,750660181,S2,小猿答案是174，讲解里面答案也是184,https://cupid.zhenguanyu.com/#/analysis/user-feedback-list?userId=750660181,未触达,,,,候选（需先在关联表确认）
2.65.0::-ai助手外显::feedback-715096564-2026/01/19 22:47:19,2.65.0,-ai助手外显,715096564,S2,能否把小猿英语课本的点读功能优化下，精确到每个单词，好多句子都点不了，好多单词也不知道是啥意思,https://cupid.zhenguanyu.com/#/analysis/user-feedback-list?userId=715096564,未触达,,,,候选（需先在关联表确认）
2.65.0::-ai助手外显::feedback-2002135-2026/01/20 08:38:34,2.65.0,-ai助手外显,2002135,S2,作答时，有时候手写的答案，系统识别时会被上下拦腰截开，只显示一半，导致小猿识别不出来。希望像作*帮一样，能显示作答的区域。并且简答题的作答区域要适当增加。有时候很大的一片作答区域，小猿只识别一行。,https://cupid.zhenguanyu.com/#/analysis/user-feedback-list?userId=2002135,未触达,,,,候选（需先在关联表确认）
2.65.0::-ai助手外显::feedback-26732967-2026/01/20 21:47:47,2.65.0,-ai助手外显,26732967,S2,一课一练有暑假、寒假版了，小猿何时能上线？沪教版教材的教辅太少了,https://cupid.zhenguanyu.com/#/analysis/user-feedback-list?userId=26732967,未触达,,,,候选（需先在关联表确认）
2.65.0::-ai助手外显::feedback-1098903931-2026/01/21 19:28:04,2.65.0,-ai助手外显,1098903931,E1,小猿电台睡前故事《神探狗狗》疑似AI合成，制作粗劣，尤其第七集（中）对话内容引人不适与反感，且怪声怪调，吓孩子一跳。,https://cupid.zhenguanyu.com/#/analysis/user-feedback-list?userId=1098903931,未触达,,,,候选（需先在关联表确认）
2.65.0::-ai助手外显::feedback-696181712-2026/01/24 20:14:34,2.65.0,-ai助手外显,696181712,S2,小猿，能不能增加一个王朝霞的教辅，单元测和期中期末考试卷子的那种，语文、科普版英语的,https://cupid.zhenguanyu.com/#/analysis/user-feedback-list?userId=696181712,未触达,,,,候选（需先在关联表确认）
2.65.0::-ai助手外显::feedback-476440550-2026/01/25 17:23:07,2.65.0,-ai助手外显,476440550,S2,六年级的数学题目答案解析都是错的，能相信小猿学练机吗，还能用吗,https://cupid.zhenguanyu.com/#/analysis/user-feedback-list?userId=476440550,未触达,,,,候选（需先在关联表确认）
2.65.0::-ai助手外显::feedback-137000218-2026/01/25 20:37:25,2.65.0,-ai助手外显,137000218,S2,你好，小朋友使用小猿学练机时一直有个问题：就是第一次明明写对了，提交时显示错误，重做一遍，再提交时还会有这个问题。我这边有录制相关视频。这个是什么问题呢？,https://cupid.zhenguanyu.com/#/analysis/user-feedback-list?userId=137000218,未触达,,,,候选（需先在关联表确认）
2.65.0::-ai助手外显::feedback-231553634-2026/01/26 19:14:43,2.65.0,-ai助手外显,231553634,S2,给出的举一反三题与我们想要做的完全不一样吗？给出的第一张例图，想要做几道类似的题型，你看小猿给反的什么题型。,https://cupid.zhenguanyu.com/#/analysis/user-feedback-list?userId=231553634,未触达,,,,候选（需先在关联表确认）
2.65.0::-ai助手外显::feedback-338122358-2026/01/27 18:43:43,2.65.0,-ai助手外显,338122358,S2,小猿电子图书猫武士是否更新,https://cupid.zhenguanyu.com/#/analysis/user-feedback-list?userId=338122358,未触达,,,,候选（需先在关联表确认）
2.65.0::-ai助手外显::feedback-1120739809-2026/01/30 22:57:09,2.65.0,-ai助手外显,1120739809,S2,小猿学练机S2里面有没有上海的中考真题？从哪里能找到？,https://cupid.zhenguanyu.com/#/analysis/user-feedback-list?userId=1120739809,未触达,,,,候选（需先在关联表确认）
2.65.0::-ai助手外显::feedback-252697772-2026/01/31 11:14:48,2.65.0,-ai助手外显,252697772,S2,为什么没有小猿作品展功能。家里另外一台有这个功能,https://cupid.zhenguanyu.com/#/analysis/user-feedback-list?userId=252697772,未触达,,,,候选（需先在关联表确认）
2.65.0::-ai助手外显::feedback-297382126-2026/01/31 20:35:52,2.65.0,-ai助手外显,297382126,S2,下面这个图片是三年级科学下册科教版的目录图和小猿练习册上的那个有两个单元的相差，麻烦你调整一下。,https://cupid.zhenguanyu.com/#/analysis/user-feedback-list?userId=297382126,未触达,,,,候选（需先在关联表确认）
2.65.0::-ai助手外显::feedback-667640412-2026/01/31 22:08:33,2.65.0,-ai助手外显,667640412,S2,建议小猿小程序可以增加，家长远程布置任务功能,https://cupid.zhenguanyu.com/#/analysis/user-feedback-list?userId=667640412,未触达,,,,候选（需先在关联表确认）
2.65.0::-ai助手外显::feedback-530518443-2026/02/01 16:23:30,2.65.0,-ai助手外显,530518443,S2,"小猿题库中的答案有很多是错误的，同一道题视频讲解是一个答案。直接给出的却是另一个答案，希望尽快核查，将错误答案与视频讲解一下答案一致。
另外小猿大模型自批若是无法识别时请按照视频答案参考批改或人为介入批改，不要上来就判错",https://cupid.zhenguanyu.com/#/analysis/user-feedback-list?userId=530518443,未触达,,,,候选（需先在关联表确认）
2.65.0::-ai助手外显::feedback-740166931-2026/02/05 15:40:26,2.65.0,-ai助手外显,740166931,S2,没有问题，提个建议:就是学校老师经常要求孩子们自己找试卷昨晚，家长批改让后带回学校，能不能在小猿学习本上做完试卷，批改后，增加一个导出的功能,https://cupid.zhenguanyu.com/#/analysis/user-feedback-list?userId=740166931,未触达,,,,候选（需先在关联表确认）
2.65.0::-ai助手外显::feedback-508503097-2026/02/06 19:04:42,2.65.0,-ai助手外显,508503097,S2,小猿笔维修费用太贵了,https://cupid.zhenguanyu.com/#/analysis/user-feedback-list?userId=508503097,未触达,,,,候选（需先在关联表确认）
2.65.0::-ai助手外显::feedback-651767159-2026/02/06 19:31:03,2.65.0,-ai助手外显,651767159,S2,怎么才能小猿上的题打印出来？,https://cupid.zhenguanyu.com/#/analysis/user-feedback-list?userId=651767159,未触达,,,,候选（需先在关联表确认）
2.65.0::-ai助手外显::feedback-1075716511-2026/02/07 20:59:15,2.65.0,-ai助手外显,1075716511,S2,很垃圾，12个娃的分期都没有还完，爆屏两次！垃圾！垃圾！垃圾！希望小猿2026年倒闭,https://cupid.zhenguanyu.com/#/analysis/user-feedback-list?userId=1075716511,未触达,,,,候选（需先在关联表确认）
2.65.0::-ai助手外显::feedback-692821516-2026/02/10 01:24:02,2.65.0,-ai助手外显,692821516,S2,晚上使用时间设置到几点，操作不了，小猿p40,https://cupid.zhenguanyu.com/#/analysis/user-feedback-list?userId=692821516,未触达,,,,候选（需先在关联表确认）
2.65.0::-ai助手外显::feedback-217832664-2026/02/10 21:27:54,2.65.0,-ai助手外显,217832664,S2,"1，2025年8月份，将原装笔送修小猿售后，检测称不可修复，建议购买新款笔。售后称该笔保修一年，所以在小猿售后购买了一支。
2，2026年2月8日新笔因质量问题，寄出维修。
3，但售后收到后，本应在保修期内，却称保外，笔的质量有问题，造成的损坏，就应该正常维修。
4，请问小猿售后是盈利部门，还是服务部门。请尽快给予答复！谢谢",https://cupid.zhenguanyu.com/#/analysis/user-feedback-list?userId=217832664,未触达,,,,候选（需先在关联表确认）
2.65.0::-ai助手外显::feedback-742377458-2026/02/16 18:02:04,2.65.0,-ai助手外显,742377458,S2,互动阅读的书籍太少，希望小猿官方，增加一些书籍,https://cupid.zhenguanyu.com/#/analysis/user-feedback-list?userId=742377458,未触达,,,,候选（需先在关联表确认）
2.65.0::-ai助手外显::feedback-736617429-2026/02/20 07:32:15,2.65.0,-ai助手外显,736617429,E1,小猿智能设备家长端因删除孩子数据，未退出小程序，导致小程序端显示未登录且无法切换孩子数据，请帮助处理一下,https://cupid.zhenguanyu.com/#/analysis/user-feedback-list?userId=736617429,未触达,,,,候选（需先在关联表确认）
2.65.0::-ai助手外显::feedback-684683241-2026/02/20 11:26:26,2.65.0,-ai助手外显,684683241,S2,这个是那个小猿学练机上面用这个笔写出来的字，现在每一个字都会都带出来别的笔划，就是你你在上面写，它会自动带出来别的东西，不知道是什么原因造成。,https://cupid.zhenguanyu.com/#/analysis/user-feedback-list?userId=684683241,未触达,,,,候选（需先在关联表确认）
2.65.0::-ai助手外显::feedback-668665517-2026/02/21 20:52:29,2.65.0,-ai助手外显,668665517,S2,更新教材后看到的内容与教材内容不符，比如孩子开学后四年级下册苏教版数学，第一章内容为认识多位数，而小猿学练机上内容为平移、旋转和对称轴，两者不符。,https://cupid.zhenguanyu.com/#/analysis/user-feedback-list?userId=668665517,未触达,,,,候选（需先在关联表确认）
2.65.0::-ai助手外显::feedback-469501702-2026/02/22 09:09:49,2.65.0,-ai助手外显,469501702,S6,小猿电台和专项训练，小猿电台我们初中就没有了，我觉得这个可以有啊，高中背单词默写多好啊，为什么专项训练就没有了呢,https://cupid.zhenguanyu.com/#/analysis/user-feedback-list?userId=469501702,未触达,,,,候选（需先在关联表确认）
2.65.0::-ai助手外显::feedback-1125932633-2026/02/23 20:41:16,2.65.0,-ai助手外显,1125932633,S2,如何向小猿学练机提供书籍,https://cupid.zhenguanyu.com/#/analysis/user-feedback-list?userId=1125932633,未触达,,,,候选（需先在关联表确认）
2.65.0::-ai助手外显::feedback-218045118-2026/02/23 20:50:52,2.65.0,-ai助手外显,218045118,S2,我们的小猿学练机不久之前还有英语点读的（四下），现在没有了，我看了四上的，还有，四下就没了，怎么回事呢？,https://cupid.zhenguanyu.com/#/analysis/user-feedback-list?userId=218045118,未触达,,,,候选（需先在关联表确认）
2.65.0::-ai助手外显::feedback-527935043-2026/02/24 20:12:41,2.65.0,-ai助手外显,527935043,S2,小猿学练机的笔，总是抬起来后，还会在屏幕上有笔画，弯弯曲曲的，根本无法使用！重启后也没用！,https://cupid.zhenguanyu.com/#/analysis/user-feedback-list?userId=527935043,未触达,,,,候选（需先在关联表确认）
2.65.0::-ai助手外显::feedback-593671981-2026/02/25 21:50:12,2.65.0,-ai助手外显,593671981,S6,题目都能写错，误导孩子审题，第一次买小猿有点失望，用起来还有点卡顿！,https://cupid.zhenguanyu.com/#/analysis/user-feedback-list?userId=593671981,未触达,,,,候选（需先在关联表确认）
2.65.0::-ai助手外显::feedback-514837605-2026/02/26 15:22:52,2.65.0,-ai助手外显,514837605,S2,把年级改到初中之后专项练习模块就少了很多功能，如小猿电台、分级阅读等等，是bug还是设计，建议还是加上吧,https://cupid.zhenguanyu.com/#/analysis/user-feedback-list?userId=514837605,未触达,,,,候选（需先在关联表确认）
2.65.0::-ai助手外显::feedback-485385814-2026/02/26 18:50:34,2.65.0,-ai助手外显,485385814,S2,小猿这支笔坏了好几回，甚至上次还直接花了一百五找维修换了一支新的，都是不能擦，来回邮寄浪费时间，不能擦更是使用感觉特别不好,https://cupid.zhenguanyu.com/#/analysis/user-feedback-list?userId=485385814,未触达,,,,候选（需先在关联表确认）
2.65.0::-ai助手外显::feedback-148613266-2026/02/28 17:55:09,2.65.0,-ai助手外显,148613266,S2,小猿币无法获得,https://cupid.zhenguanyu.com/#/analysis/user-feedback-list?userId=148613266,未触达,,,,候选（需先在关联表确认）
2.65.0::-ai助手外显::feedback-596538464-2026/03/02 21:38:26,2.65.0,-ai助手外显,596538464,S2,"互动阅读的书籍请严格把关，不要更新一些儿童小说，孩子已经沉迷，并且情绪波动很大，请更新一些有用的知识类书籍！
或者请在家长端增加禁止使用小猿",https://cupid.zhenguanyu.com/#/analysis/user-feedback-list?userId=596538464,未触达,,,,候选（需先在关联表确认）
2.65.0::-ai助手外显::feedback-397346974-2026/03/05 09:39:30,2.65.0,-ai助手外显,397346974,S2,小猿的错题可以支持导出吗？？？这个功能很重要，可以研发出来吗,https://cupid.zhenguanyu.com/#/analysis/user-feedback-list?userId=397346974,未触达,,,,候选（需先在关联表确认）
2.65.0::-ai助手外显::feedback-470804740-2026/03/05 21:53:23,2.65.0,-ai助手外显,470804740,S2,"都开学了，小猿仍然无上新江苏译林四年级英语新课标版本，无可练习的英语教辅，很令人失望。
",https://cupid.zhenguanyu.com/#/analysis/user-feedback-list?userId=470804740,未触达,,,,候选（需先在关联表确认）
2.65.0::-ai助手外显::feedback-168831370-2026/03/05 22:11:59,2.65.0,-ai助手外显,168831370,E1,我的小猿学练机屏幕破损，维修后屏幕显示太亮，更新后的屏幕不像是彩墨屏的原装屏幕，使用起来很刺眼,https://cupid.zhenguanyu.com/#/analysis/user-feedback-list?userId=168831370,未触达,,,,候选（需先在关联表确认）
2.65.0::-ai助手外显::feedback-1015814095-2026/03/06 14:24:20,2.65.0,-ai助手外显,1015814095,S6,"互动阅读不支持调整字体大小，竞品支持的。小猿的阅读字体颜色太浅了，看不清字，灰蒙蒙的，比较累眼。

专项突破里没有数学应用题的练习。",https://cupid.zhenguanyu.com/#/analysis/user-feedback-list?userId=1015814095,未触达,,,,候选（需先在关联表确认）
2.65.0::-ai助手外显::feedback-637074050-2026/03/07 15:27:35,2.65.0,-ai助手外显,637074050,S2,书包中的小猿伴学总是要备课，一备课就用不了，很烦,https://cupid.zhenguanyu.com/#/analysis/user-feedback-list?userId=637074050,未触达,,,,候选（需先在关联表确认）
2.65.0::-ai助手外显::feedback-434394620-2026/03/07 20:39:36,2.65.0,-ai助手外显,434394620,S2,Ai伴读时，唤醒“小猿”出现的对话框会挡住电子书原文，不方便就文章内容进行对话。,https://cupid.zhenguanyu.com/#/analysis/user-feedback-list?userId=434394620,未触达,,,,候选（需先在关联表确认）
2.65.0::-ai助手外显::feedback-672703168-2026/03/08 11:27:22,2.65.0,-ai助手外显,672703168,S6,不能批英语作文，小猿口算app都可以,https://cupid.zhenguanyu.com/#/analysis/user-feedback-list?userId=672703168,未触达,,,,候选（需先在关联表确认）
2.65.0::-ai助手外显::feedback-719243039-2026/03/08 17:47:16,2.65.0,-ai助手外显,719243039,S2,小狗钱钱   汉字的故事，老师推荐的这两本书没有的，小猿家长端添加，还搜索不到，麻烦后台给添加哈，谢谢,https://cupid.zhenguanyu.com/#/analysis/user-feedback-list?userId=719243039,未触达,,,,候选（需先在关联表确认）
2.65.0::-ai助手外显::feedback-361963688-2026/03/08 18:12:14,2.65.0,-ai助手外显,361963688,S2,"小猿导入别的题时,能不能把颜色差别明显一点,扇形统计图两个灰，根本看不出来哪个是哪个,都是一个颜色",https://cupid.zhenguanyu.com/#/analysis/user-feedback-list?userId=361963688,未触达,,,,候选（需先在关联表确认）
2.65.0::-ai助手外显::feedback-467263848-2026/03/09 20:39:21,2.65.0,-ai助手外显,467263848,S2,我们现在的英语课本与小猿的不同,https://cupid.zhenguanyu.com/#/analysis/user-feedback-list?userId=467263848,未触达,,,,候选（需先在关联表确认）
2.65.0::-ai助手外显::feedback-467263848-2026/03/09 20:40:31,2.65.0,-ai助手外显,467263848,S2,深圳的英语教材与小猿的不一样,https://cupid.zhenguanyu.com/#/analysis/user-feedback-list?userId=467263848,未触达,,,,候选（需先在关联表确认）
2.65.0::-ai助手外显::feedback-1121931774-2026/03/10 23:32:15,2.65.0,-ai助手外显,1121931774,S6,万能本作品展点击发布作品后，小猿智能设备家长端无法收到“作品审核”通知,https://cupid.zhenguanyu.com/#/analysis/user-feedback-list?userId=1121931774,未触达,,,,候选（需先在关联表确认）
2.65.0::-ai助手外显::feedback-425838876-2026/03/11 18:50:58,2.65.0,-ai助手外显,425838876,S1,小猿的笔写字有偏差，偏差的有点厉害。,https://cupid.zhenguanyu.com/#/analysis/user-feedback-list?userId=425838876,未触达,,,,候选（需先在关联表确认）
2.65.0::-ai助手外显::feedback-1066109647-2026/03/11 19:17:29,2.65.0,-ai助手外显,1066109647,S2,小猿用户的学习记录怎么删除或者重置,https://cupid.zhenguanyu.com/#/analysis/user-feedback-list?userId=1066109647,未触达,,,,候选（需先在关联表确认）
2.65.0::-ai助手外显::feedback-1066109647-2026/03/11 19:48:33,2.65.0,-ai助手外显,1066109647,S2,孩子列表中小猿用户的账号删除不了，同样它的学习记录也不能重置和删除,https://cupid.zhenguanyu.com/#/analysis/user-feedback-list?userId=1066109647,未触达,,,,候选（需先在关联表确认）
2.65.0::-ai助手外显::feedback-177360620-2026/03/12 21:45:36,2.65.0,-ai助手外显,177360620,S6,孩子学校进度慢，学练机每日AI推荐任务快，导致没法知识点没学没法练习。建议小猿推荐任务前先咨询进度,https://cupid.zhenguanyu.com/#/analysis/user-feedback-list?userId=177360620,未触达,,,,候选（需先在关联表确认）
2.65.0::-ai助手外显::feedback-696181712-2026/03/13 11:02:16,2.65.0,-ai助手外显,696181712,S2,小猿，请赶紧跟新一下实验班的教辅，新教材的，都开学了为什么教辅还没有及时更新。,https://cupid.zhenguanyu.com/#/analysis/user-feedback-list?userId=696181712,未触达,,,,候选（需先在关联表确认）
2.65.0::-ai助手外显::feedback-177442008-2026/03/14 22:47:40,2.65.0,-ai助手外显,177442008,S2,孩子现在的教材是北师大版的三年级数学下册，教材内容与小猿的北师大版不一样，请及时更新,https://cupid.zhenguanyu.com/#/analysis/user-feedback-list?userId=177442008,未触达,,,,候选（需先在关联表确认）
2.65.0::-ai助手外显::feedback-422380988-2026/03/14 23:06:16,2.65.0,-ai助手外显,422380988,S2,错题本功能急需改进：通过拍照上传的错题，如果小猿题库中没有，无法实现原题重练，小猿会改变原题，用小猿题库中题目替代。而作为使用者，我们需要孩子练习原来的错题，希望小猿研发人员能帮忙做到系统读取原题功能，就算小猿系统没有题库及讲解也没关系，我们需要的是错题归集和重练。详情如下图乘船问题：点击重练，原题36人改为38人，总人数不同，解题方法是不同的，38人的方法孩子已掌握了，我们需要重练的是原题。如果,https://cupid.zhenguanyu.com/#/analysis/user-feedback-list?userId=422380988,未触达,,,,候选（需先在关联表确认）
2.65.0::-ai助手外显::feedback-675054771-2026/03/16 22:39:22,2.65.0,-ai助手外显,675054771,S2,"1. 登录家长app，短信验证码，最好标注正在操作的具体行为，例如进行家长端app登录验证，而不是如下: 【小猿】709694 小猿学练机验证码，请尽快完成验证，验证码提供给他人可能导致账号被盗，请勿泄漏或在非官方网站使用，谨防被骗。

对于远程协助孩子的家长，存在被误导的风险。


2.对于拍照答疑，建议家长端日志中可以看到具体图片",https://cupid.zhenguanyu.com/#/analysis/user-feedback-list?userId=675054771,未触达,,,,候选（需先在关联表确认）
2.65.0::-ai助手外显::feedback-433631476-2026/03/17 14:51:57,2.65.0,-ai助手外显,433631476,S2,Sn码:CSNASH27SAW00788，购买的二手小猿学练机无法绑定，原机主失联，申请强制解绑，已恢复出厂设置。,https://cupid.zhenguanyu.com/#/analysis/user-feedback-list?userId=433631476,未触达,,,,候选（需先在关联表确认）
2.65.0::-ai助手外显::feedback-499490400-2026/03/19 19:57:28,2.65.0,-ai助手外显,499490400,S2,你好 小猿学练机你们回收不,https://cupid.zhenguanyu.com/#/analysis/user-feedback-list?userId=499490400,未触达,,,,候选（需先在关联表确认）
2.65.0::-ai助手外显::feedback-598103815-2026/03/20 12:47:57,2.65.0,-ai助手外显,598103815,S2,你好：我的小猿学练机配套的笔换了新芯后就书写不畅，时写不出来，时断线，是怎么回事？怎么处理？,https://cupid.zhenguanyu.com/#/analysis/user-feedback-list?userId=598103815,未触达,,,,候选（需先在关联表确认）
2.65.0::-ai助手外显::feedback-266242230-2026/03/20 23:00:54,2.65.0,-ai助手外显,266242230,E1,建议英语加入优秀的时文阅读理解内容，根据中考高考的英语改革趋势，这个板块太重要了，学练机上有这个板块，对学生学习英语，掌握时政要事和词汇积累非常有帮战，希望小猿能探索加入此项内容，做孩子学习的好帮手，作为孩子家长，先谢谢了,https://cupid.zhenguanyu.com/#/analysis/user-feedback-list?userId=266242230,未触达,,,,候选（需先在关联表确认）
2.65.0::-ai助手外显::feedback-520279775-2026/03/21 15:04:24,2.65.0,-ai助手外显,520279775,S2,语文没有人教版怎么回事？本人天津的，小猿里面的部编版生字表跟课本不一样！,https://cupid.zhenguanyu.com/#/analysis/user-feedback-list?userId=520279775,未触达,,,,候选（需先在关联表确认）
2.65.0::-ai助手外显::feedback-299293000-2026/03/22 13:43:04,2.65.0,-ai助手外显,299293000,S2,我的万能本他有一个小猿作品展，我应该怎么发布作品？,https://cupid.zhenguanyu.com/#/analysis/user-feedback-list?userId=299293000,未触达,,,,候选（需先在关联表确认）
2.65.0::-ai助手外显::feedback-609262138-2026/03/23 22:14:35,2.65.0,-ai助手外显,609262138,S2,"我的反馈
功能问题
2026-03-11 20:04
教材同步——数学——去练习，每次出题的题量太大，且不能自主设置题量，建议开放自主设置题量的选项。一次太多题没时间做。

小猿回复
两个工作日内回复，请耐心等待",https://cupid.zhenguanyu.com/#/analysis/user-feedback-list?userId=609262138,未触达,,,,候选（需先在关联表确认）
2.65.0::-ai助手外显::feedback-263670784-2026/03/24 09:37:01,2.65.0,-ai助手外显,263670784,S6,小猿口算app错题一键导入不成功，，账号一致，就是导不进去,https://cupid.zhenguanyu.com/#/analysis/user-feedback-list?userId=263670784,未触达,,,,候选（需先在关联表确认）
2.65.0::-ai助手外显::feedback-527534002-2026/03/25 16:46:19,2.65.0,-ai助手外显,527534002,S2,我买的小猿学练机S2，春节前刚换了屏幕，这个多月又坏了，你们不是配件保修90天吗？怎么内屏这么容易坏？,https://cupid.zhenguanyu.com/#/analysis/user-feedback-list?userId=527534002,未触达,,,,候选（需先在关联表确认）
2.65.0::-ai助手外显::feedback-651571389-2026/03/26 10:55:09,2.65.0,-ai助手外显,651571389,S6,"几年前买了小猿学练机S2，近期试用了S6，使用下来觉得S6还是没有解决我想要的功能问题，所以决定退回S6，还是继续用S2。具体如下:
1.举一反三功能依然不智能。小孩练习的错题下面虽然有个举一反三的功能，但是推送的题型和错题完全不一样，达不到举一反三的效果。",https://cupid.zhenguanyu.com/#/analysis/user-feedback-list?userId=651571389,未触达,,,,候选（需先在关联表确认）
2.65.0::-ai助手外显::feedback-651571389-2026/03/26 10:58:12,2.65.0,-ai助手外显,651571389,S6,"
几年前买了小猿学练机S2，近期试用了S6，使用下来觉得S6还是没有解决我想要的功能问题，所以决定退回S6，还是继续用S2。具体如下:
1.举一反三功能依然不智能。小孩练习的错题下面虽然有个举一反三的功能，但是推送的题型和错题完全不一样，达不到举一反三的效果。
2.S6有个定制复习计划，明明说的薄弱点是小数的加减运算，但是推送的题目完全不是小数的运算题，题型甚至和小数毫无关联，这让我怀疑你们推送的",https://cupid.zhenguanyu.com/#/analysis/user-feedback-list?userId=651571389,未触达,,,,候选（需先在关联表确认）
2.65.0::-ai助手外显::feedback-391298722-2026/03/29 20:19:43,2.65.0,-ai助手外显,391298722,S6,"拍6个计算题1个应用题。其中1个计算题错误，但小猿把所有的题目识别成1个题目，并认为这是一整道错题。
识别不精准",https://cupid.zhenguanyu.com/#/analysis/user-feedback-list?userId=391298722,未触达,,,,候选（需先在关联表确认）
2.65.0::-ai助手外显::feedback-364332292-2026/03/30 20:25:18,2.65.0,-ai助手外显,364332292,S2,建议小猿学练机S2，初中年级尽快上线《五星学霸》和《实验班提优训练》这两套教辅。这两套是初中阶段非常经典、难度适中偏上、适合尖子生拔高的练习册，很多同学都在用。加入后能让S2的题库更全面、更贴合学生真实学习需求，也能提升产品竞争力，希望能尽快更新！,https://cupid.zhenguanyu.com/#/analysis/user-feedback-list?userId=364332292,未触达,,,,候选（需先在关联表确认）
2.65.0::-ai助手外显::feedback-618215065-2026/03/30 21:08:40,2.65.0,-ai助手外显,618215065,S2,强烈要求各年级的电子书包里添加上小猿官方的语数英课本，自己在共享社区的有的找不到，有的大小不合适看不清楚，没有课本，小猿伴学没有意义,https://cupid.zhenguanyu.com/#/analysis/user-feedback-list?userId=618215065,未触达,,,,候选（需先在关联表确认）
2.65.0::-ai助手外显::feedback-124218596-2026/03/31 12:57:57,2.65.0,-ai助手外显,124218596,S2,小猿写字笔尾部的涂改功能不顺畅，完全没法正常涂抹使用。,https://cupid.zhenguanyu.com/#/analysis/user-feedback-list?userId=124218596,未触达,,,,候选（需先在关联表确认）
2.65.0::-ai助手外显::feedback-343910324-2026/03/31 20:47:10,2.65.0,-ai助手外显,343910324,S2,小猿的练习题能上必刷题和万唯不，老师建议刷这些,https://cupid.zhenguanyu.com/#/analysis/user-feedback-list?userId=343910324,未触达,,,,候选（需先在关联表确认）
2.65.0::-ai助手外显::feedback-515771872-2026/04/02 06:51:39,2.65.0,-ai助手外显,515771872,S6,用小猿AI app同步错题到Pad后无法重练,https://cupid.zhenguanyu.com/#/analysis/user-feedback-list?userId=515771872,未触达,,,,候选（需先在关联表确认）
2.65.0::-ai助手外显::feedback-678742848-2026/04/02 11:56:27,2.65.0,-ai助手外显,678742848,S6,小猿设智能设备中学情速览，只能看数学的，更换科目不能更换到其他科目，无法很详细了解其他的学科的掌握情况，体验感很差,https://cupid.zhenguanyu.com/#/analysis/user-feedback-list?userId=678742848,未触达,,,,候选（需先在关联表确认）
2.65.0::-ai助手外显::feedback-269403998-2026/04/02 21:11:19,2.65.0,-ai助手外显,269403998,S2,无法在小猿作品展上。发布自己的作品。,https://cupid.zhenguanyu.com/#/analysis/user-feedback-list?userId=269403998,未触达,,,,候选（需先在关联表确认）
2.65.0::-ai助手外显::feedback-1046402482-2026/04/04 18:37:09,2.65.0,-ai助手外显,1046402482,S2,"我用小猿 Ai 拍错题，想把错题导入到小猿学练机上，这两个产品都是你们同一家公司做的，我用两款产品，怎么无法做到呢？

那谁还买你们的硬件？
",https://cupid.zhenguanyu.com/#/analysis/user-feedback-list?userId=1046402482,未触达,,,,候选（需先在关联表确认）
2.65.0::-ai助手外显::feedback-1061563286-2026/04/05 08:59:38,2.65.0,-ai助手外显,1061563286,S6,小猿学练机有没有文言文方面的知识阅读讲解练习。,https://cupid.zhenguanyu.com/#/analysis/user-feedback-list?userId=1061563286,未触达,,,,候选（需先在关联表确认）
2.65.0::-ai助手外显::feedback-712917767-2026/04/06 17:11:01,2.65.0,-ai助手外显,712917767,S2,"错题打印出来的字太小了,选择了最大字体打出来太小了,废眼看不清不.建议可以自动调节字体的大小、或者直接来个能打印出来的大字,(作-帮的可以放大)小猿错题打印可以比帮做的再大点吗",https://cupid.zhenguanyu.com/#/analysis/user-feedback-list?userId=712917767,未触达,,,,候选（需先在关联表确认）
2.65.0::-ai助手外显::feedback-668854010-2026/04/07 06:00:32,2.65.0,-ai助手外显,668854010,S2,在初四的时候小猿学练机有专项突破 背单词功能，非常好用，孩子因为该功能提高了三四十分，还给咱们推荐了几个家长购买了机器，到了高中就没有该功能了，很失望，强烈建议加上英语背单词功能，希望给回复15688753377,https://cupid.zhenguanyu.com/#/analysis/user-feedback-list?userId=668854010,未触达,,,,候选（需先在关联表确认）
2.65.0::-ai助手外显::feedback-383734388-2026/04/08 21:50:21,2.65.0,-ai助手外显,383734388,S2,小猿学练机不清楚了，卡死了。上面显示正在对焦，请保持稳定。小猿学练机咋办？,https://cupid.zhenguanyu.com/#/analysis/user-feedback-list?userId=383734388,未触达,,,,候选（需先在关联表确认）
2.65.0::-ai助手外显::feedback-1068727607-2026/04/09 09:21:02,2.65.0,-ai助手外显,1068727607,S2,能不能把小猿上做过的试卷  导出来打印出来呢？,https://cupid.zhenguanyu.com/#/analysis/user-feedback-list?userId=1068727607,未触达,,,,候选（需先在关联表确认）
2.65.0::-ai助手外显::feedback-551276789-2026/04/09 12:44:10,2.65.0,-ai助手外显,551276789,S1,网络正常，小猿经常访问不了后台。麻烦联下后台系统，谢谢,https://cupid.zhenguanyu.com/#/analysis/user-feedback-list?userId=551276789,未触达,,,,候选（需先在关联表确认）
2.65.0::-ai助手外显::feedback-127248906-2026/04/12 18:09:59,2.65.0,-ai助手外显,127248906,S2,添加了孩子，但小猿上没有显示出来，版本也是最新版本,https://cupid.zhenguanyu.com/#/analysis/user-feedback-list?userId=127248906,未触达,,,,候选（需先在关联表确认）
2.65.0::-ai助手外显::feedback-676469172-2026/04/13 21:04:04,2.65.0,-ai助手外显,676469172,S1,提示A9999，小猿学练机提示，抱歉，服务异常，请稍后重试,https://cupid.zhenguanyu.com/#/analysis/user-feedback-list?userId=676469172,未触达,,,,候选（需先在关联表确认）
2.65.0::-ai助手外显::feedback-135110154-2026/04/14 22:26:13,2.65.0,-ai助手外显,135110154,S6,我设置了小猿电台不可以使用，S6依然可以播放小猿电台。设备有问题。,https://cupid.zhenguanyu.com/#/analysis/user-feedback-list?userId=135110154,未触达,,,,候选（需先在关联表确认）
2.65.0::-ai助手外显::feedback-501653944-2026/04/15 09:58:37,2.65.0,-ai助手外显,501653944,S2,这学期的的错题收录体验特别不好，可以说不是体验不好，压根就不能用，错题收录主要是拍照后的错题，小猿是按照拍照的形式，将有的错题空抹除不掉，、其他题型比如应用题字体特别小；其他学科也是一样，小朋友用起来费眼睛，字体压根看不清~上学期的小猿AI错题收录，它会适配一下屏幕以及字体的大小再将收录的错题呈现出来，偶尔有一两个字体小，但是没有像这次这种完全就是很小，看不清,https://cupid.zhenguanyu.com/#/analysis/user-feedback-list?userId=501653944,未触达,,,,候选（需先在关联表确认）
2.65.0::-ai助手外显::feedback-299588130-2026/04/18 21:55:41,2.65.0,-ai助手外显,299588130,S2,就是这个发布作品，在小猿学练鸡家长端怎么打开呀，我想发布一些图片,https://cupid.zhenguanyu.com/#/analysis/user-feedback-list?userId=299588130,未触达,,,,候选（需先在关联表确认）
2.65.0::-ai助手外显::feedback-1048453070-2026/04/19 08:21:03,2.65.0,-ai助手外显,1048453070,S2,可不可以和微信读书合作，将微信读书里面的内容导入到小猿学练机里，这样的话不用手机看书，眼睛也能好受点，谢谢,https://cupid.zhenguanyu.com/#/analysis/user-feedback-list?userId=1048453070,未触达,,,,候选（需先在关联表确认）
2.65.0::-ai助手外显::feedback-433631476-2026/04/20 16:35:08,2.65.0,-ai助手外显,433631476,S2,本人在二手平台购入一台小猿S2学习机，设备号:CSNBLN11SHW00593现已无法联系到原机主，设备仍处于原账号绑定状态，无法正常使用。现申请厂家官方协助解绑设备，本人承诺该设备为合法购买，愿意配合提供购机凭证、设备序列号、机身信息等相关材料，恳请客服帮忙处理设备解绑，谢谢。,https://cupid.zhenguanyu.com/#/analysis/user-feedback-list?userId=433631476,未触达,,,,候选（需先在关联表确认）
2.65.0::-ai助手外显::feedback-236046794-2026/04/21 07:23:48,2.65.0,-ai助手外显,236046794,S2,目前小猿最大的缺点就是没有班级小管家功能，现在学校作业打卡基本全都是用的班级小管家！所以家里两个孩子一直抢着用科大，不愿意用小猿，提了一年多建议了，也不思进取。唉😮‍💨,https://cupid.zhenguanyu.com/#/analysis/user-feedback-list?userId=236046794,未触达,,,,候选（需先在关联表确认）
2.65.0::-ai助手外显::feedback-204998104-2026/04/21 19:57:18,2.65.0,-ai助手外显,204998104,S2,小猿学练机里能加入T6的ket和pet资料吗，学练机只有ket pet的单词,https://cupid.zhenguanyu.com/#/analysis/user-feedback-list?userId=204998104,未触达,,,,候选（需先在关联表确认）
2.65.0::-ai助手外显::feedback-280486982-2026/04/22 09:15:27,2.65.0,-ai助手外显,280486982,S2,小猿学练机，不支持打印功能，实在是浪费资源。孩子住校，很多时候需要把学练机上的试题打印出来抽时间练题，小猿学练机却不支持，学练机浪费资源，希望整改,https://cupid.zhenguanyu.com/#/analysis/user-feedback-list?userId=280486982,未触达,,,,候选（需先在关联表确认）
2.65.0::-ai助手外显::feedback-225934534-2026/04/22 20:24:09,2.65.0,-ai助手外显,225934534,S2,您好，我的小猿这几天充不上电，怎么回事？,https://cupid.zhenguanyu.com/#/analysis/user-feedback-list?userId=225934534,未触达,,,,候选（需先在关联表确认）
2.65.0::-ai助手外显::feedback-1065769684-2026/04/23 14:01:49,2.65.0,-ai助手外显,1065769684,S2,小猿有批改作业的问题，怎么设置不让孩子自己批改，因为不注意他就抄作业了,https://cupid.zhenguanyu.com/#/analysis/user-feedback-list?userId=1065769684,未触达,,,,候选（需先在关联表确认）
2.65.0::-ai助手外显::feedback-232264690-2026/04/26 09:43:44,2.65.0,-ai助手外显,232264690,S6,小猿s6里面怎么没有t6pro里面学练机的全科趣味闯关练？能不能增加进来？,https://cupid.zhenguanyu.com/#/analysis/user-feedback-list?userId=232264690,未触达,,,,候选（需先在关联表确认）
2.65.0::-ai助手外显::feedback-71872104-2026/04/26 10:10:26,2.65.0,-ai助手外显,71872104,E1,小猿学练机之前就冲着🈶教辅，有一课一练才买的，用来假期预习。结果这学期开始这些教辅都没有了，希望还是可以把一课一练放进来。谢谢,https://cupid.zhenguanyu.com/#/analysis/user-feedback-list?userId=71872104,未触达,,,,候选（需先在关联表确认）
2.65.0::-ai助手外显::feedback-1133758894-2026/04/26 10:16:48,2.65.0,-ai助手外显,1133758894,E1,小猿学习机充电座坏了，山东省青岛市市南区有维修点吗？如没有？就近哪里有？,https://cupid.zhenguanyu.com/#/analysis/user-feedback-list?userId=1133758894,未触达,,,,候选（需先在关联表确认）
2.65.0::-ai助手外显::feedback-695581025-2026/04/28 13:10:04,2.65.0,-ai助手外显,695581025,S2,小猿屏幕花了，是不是只能寄回厂家维修？大概多少钱？,https://cupid.zhenguanyu.com/#/analysis/user-feedback-list?userId=695581025,未触达,,,,候选（需先在关联表确认）
2.65.0::-ai助手外显::feedback-1134235204-2026/05/01 08:20:34,2.65.0,-ai助手外显,1134235204,S2,"能不能升级一下绘画本的功能 连二年级小朋友都觉得幼稚
能自己上传图片绘画就好了 麻烦重视一下
希望小猿越做越好 谢谢",https://cupid.zhenguanyu.com/#/analysis/user-feedback-list?userId=1134235204,未触达,,,,候选（需先在关联表确认）
2.65.0::-ai助手外显::feedback-102846778-2026/05/02 09:23:43,2.65.0,-ai助手外显,102846778,S2,同步练功能一次题目太多，希望像小猿APP一样可以设置数量,https://cupid.zhenguanyu.com/#/analysis/user-feedback-list?userId=102846778,未触达,,,,候选（需先在关联表确认）
2.65.0::-ai助手外显::feedback-412316940-2026/05/03 16:33:33,2.65.0,-ai助手外显,412316940,S2,你好6/29号我买的小猿学练机，自带题库频繁出现题型错误、答案错误、批改误判，已经更新到最新系统和题库，也核对过教材版本，问题一直存在，严重影响孩子学习。要求：登记问题、修复题库、换新/,https://cupid.zhenguanyu.com/#/analysis/user-feedback-list?userId=412316940,未触达,,,,候选（需先在关联表确认）
2.65.0::-ai助手外显::feedback-680243326-2026/05/10 23:38:09,2.65.0,-ai助手外显,680243326,S1,小孩窝在被窝看小猿互动阅读里下载的小说，能不能增加个功能，比如完全关闭互动阅读，或者下载需要密码,https://cupid.zhenguanyu.com/#/analysis/user-feedback-list?userId=680243326,未触达,,,,候选（需先在关联表确认）
2.65.0::-ai助手外显::feedback-508707852-2026/05/17 13:37:11,2.65.0,-ai助手外显,508707852,S6,语文三年级下学期，日积月累诗句要默写，还知道它的翻译白话，能不能增加它的功能。Ai豆包，和Ai小猿，功能能不能和豆包一样的？随时随地可以问它，还有拍照功能。,https://cupid.zhenguanyu.com/#/analysis/user-feedback-list?userId=508707852,未触达,,,,候选（需先在关联表确认）
2.65.0::-ai助手外显::feedback-580339904-2026/05/17 16:29:24,2.65.0,-ai助手外显,580339904,S1,"致小猿学练机（北京寸阴成器科技有限公司），现就产品""系统强制限制自定义单词本每次只能添加100个单词""严重设计缺陷进行投诉。

自定义单词本强制限制每次仅能添加100个单词，孩子日常复习量远超此数，导致前面听完后面就忘，完全无法形成有效复习闭环。花高价购买的学习设备，因这一不合理系统限制基本长期无法使用，严重影响核心功能体验。

现正式要求：立即解除该限制，至少将自定义单词本容量提升至500个。如未得到有效处理，我将依次向全国12315平台（投诉主体：北京寸阴成器科技有限公司）、黑猫投诉等渠道实名投诉，并保留向媒体曝光权利。

拒绝为设计缺陷买单，请尽快答复处理方案。",https://cupid.zhenguanyu.com/#/analysis/user-feedback-list?userId=580339904,未触达,,,,候选（需先在关联表确认）
2.65.0::-ai助手外显::feedback-336912844-2026/05/24 21:37:38,2.65.0,-ai助手外显,336912844,S1,"客服你好，我家的小猿墨水屏学练机，在「教材同步」板块打开语文课文后，只有「看讲解」和「去练习」两个选项，找不到课文朗读、点读或熏听的功能入口。孩子需要用课本内容做晨读，请问：

1. 这个机型是否本身就不支持课本朗读功能？

2. 如果支持，请问如何开启或更新系统调出该功能？
麻烦帮忙解答一下，谢谢！",https://cupid.zhenguanyu.com/#/analysis/user-feedback-list?userId=336912844,未触达,,,,候选（需先在关联表确认）
2.65.0::-ai助手外显::feedback-696789957-2026/05/26 22:25:56,2.65.0,-ai助手外显,696789957,S6,译林版，江苏真题严重不足，与宣传不足，无法满足校内同步需求小猿学练机s6,https://cupid.zhenguanyu.com/#/analysis/user-feedback-list?userId=696789957,未触达,,,,候选（需先在关联表确认）
2.65.0::-ai助手外显::feedback-580339904-2026/06/02 15:32:52,2.65.0,-ai助手外显,580339904,S1,您好！我购买的小猿学练机“听写单词”板块自定义单词一次只能添加100个，使用中几乎让我崩溃。孩子课外单词量远超这个数，每次都要分好几批手动添加，操作繁琐耗时，前面刚加完的单词还没巩固就又得清掉换下一批，复习完全被打乱。正因这个限制，我买的学练机几乎无法使用，无奈又买了zuoyebang的设备，发现对方根本没有这个困扰。调整数量上限并不是什么难题，希望客服核实后帮我把自定义单词容量提升到300至500个。此前我也反馈过，贵公司始终没有回应。如果这次仍无法解决，我只能彻底转向其它平台，相信很多家长和我感受相同，贵公司也可能因此流失大量用户。恳请重视认真对待客户的反馈，尽快整改。,https://cupid.zhenguanyu.com/#/analysis/user-feedback-list?userId=580339904,未触达,,,,候选（需先在关联表确认）
2.65.0::-ai助手外显::feedback-502486564-2026/06/04 20:52:19,2.65.0,-ai助手外显,502486564,S6,要求超级小猿设置关闭功能权限，或者唤醒密码，孩子不思考，直接问小猿答案,https://cupid.zhenguanyu.com/#/analysis/user-feedback-list?userId=502486564,未触达,,,,候选（需先在关联表确认）
2.65.0::-ai助手外显::feedback-431683840-2026/06/05 20:44:50,2.65.0,-ai助手外显,431683840,S6,小猿学练机S6里面的“名师课”可以投屏吗？,https://cupid.zhenguanyu.com/#/analysis/user-feedback-list?userId=431683840,未触达,,,,候选（需先在关联表确认）
2.65.0::-ai助手外显::feedback-1065346417-2026/06/08 14:58:51,2.65.0,-ai助手外显,1065346417,E1,在电子书包的教材里面只有《语文1年级上册 》《新启航英语一年级上册》，想添加数学书本，点击+号并且用小猿APP扫过了，也没有对应的数学书籍,https://cupid.zhenguanyu.com/#/analysis/user-feedback-list?userId=1065346417,未触达,,,,候选（需先在关联表确认）
2.65.0::-ai助手外显::feedback-1065346417-2026/06/08 15:01:27,2.65.0,-ai助手外显,1065346417,E1,小猿学练机E1的课本是2024版的，希望升级成最新的25年版和26年版的,https://cupid.zhenguanyu.com/#/analysis/user-feedback-list?userId=1065346417,未触达,,,,候选（需先在关联表确认）
2.64.11::反应慢优化+刷新模式设置::feedback-387962260-2026/01/15 21:34:23,2.64.11,反应慢优化+刷新模式设置,387962260,S2,卡顿，反应慢。笔断触，反应慢,https://cupid.zhenguanyu.com/#/analysis/user-feedback-list?userId=387962260,未触达,,,,候选（需先在关联表确认）
2.64.11::反应慢优化+刷新模式设置::feedback-387962260-2026/01/15 21:36:12,2.64.11,反应慢优化+刷新模式设置,387962260,S2,该怎么处理？机子反应慢，卡顿，已经是最新版本。书写笔也反应慢，而且断触，写不上。重新启动依然如此。,https://cupid.zhenguanyu.com/#/analysis/user-feedback-list?userId=387962260,未触达,,,,候选（需先在关联表确认）
2.64.11::反应慢优化+刷新模式设置::feedback-747452153-2026/01/22 21:58:17,2.64.11,反应慢优化+刷新模式设置,747452153,S1,"设备卡顿反应慢，服务内容减配，目前没有寒假大做战内容模块…请退货处理…

已经按客服指导，做了系统升级，年级下学期选择，仍无寒假专项练习版块内容，后客服说不支持s1版本！


请尽快安排退货退款！",https://cupid.zhenguanyu.com/#/analysis/user-feedback-list?userId=747452153,未触达,,,,候选（需先在关联表确认）
2.64.11::反应慢优化+刷新模式设置::feedback-337575054-2026/02/23 09:50:43,2.64.11,反应慢优化+刷新模式设置,337575054,S2,少一个布置作业功能，学练机不能检查详细的完成情况。教材不对版。设备反应慢，加载卡顿。,https://cupid.zhenguanyu.com/#/analysis/user-feedback-list?userId=337575054,未触达,,,,候选（需先在关联表确认）
2.64.11::反应慢优化+刷新模式设置::feedback-341344066-2026/01/11 09:11:36,2.64.11,反应慢优化+刷新模式设置,341344066,S2,设备卡顿，有重影,https://cupid.zhenguanyu.com/#/analysis/user-feedback-list?userId=341344066,未触达,,,,候选（需先在关联表确认）
2.64.11::反应慢优化+刷新模式设置::feedback-1100815400-2026/03/18 20:25:15,2.64.11,反应慢优化+刷新模式设置,1100815400,E1,老是卡顿，画面模糊在那里，这个是什么情况,https://cupid.zhenguanyu.com/#/analysis/user-feedback-list?userId=1100815400,未触达,,,,候选（需先在关联表确认）
2.64.11::反应慢优化+刷新模式设置::feedback-531329970-2026/03/22 11:20:42,2.64.11,反应慢优化+刷新模式设置,531329970,S2,学习机使用经常出现卡顿现象，提交不上去，教辅材料刷新不出来，经常出现报错情况，家里网络没有问题。,https://cupid.zhenguanyu.com/#/analysis/user-feedback-list?userId=531329970,未触达,,,,候选（需先在关联表确认）
2.64.11::反应慢优化+刷新模式设置::feedback-126540086-2026/01/17 09:06:00,2.64.11,反应慢优化+刷新模式设置,126540086,S2,反应慢，上传不了稍微大点的文件，八年级下册电子课本我花钱买了全科，上传的时候提示文件过大,https://cupid.zhenguanyu.com/#/analysis/user-feedback-list?userId=126540086,未触达,,,,候选（需先在关联表确认）
2.64.11::反应慢优化+刷新模式设置::feedback-520928332-2026/02/22 09:46:10,2.64.11,反应慢优化+刷新模式设置,520928332,S2,点击按键相对反应慢很多，建议提速。,https://cupid.zhenguanyu.com/#/analysis/user-feedback-list?userId=520928332,未触达,,,,候选（需先在关联表确认）
2.64.11::反应慢优化+刷新模式设置::feedback-463919646-2026/03/06 09:14:34,2.64.11,反应慢优化+刷新模式设置,463919646,S2,写字笔反应慢，擦除功能故障，无法使用，己反馈未得到改善！,https://cupid.zhenguanyu.com/#/analysis/user-feedback-list?userId=463919646,未触达,,,,候选（需先在关联表确认）
2.64.11::反应慢优化+刷新模式设置::feedback-750522989-2026/03/07 08:52:48,2.64.11,反应慢优化+刷新模式设置,750522989,S2,学练机反应慢，比如打开内容或者提交答案批改时，有时候要等10s不止，有时候还不成功，需要重新点击，去年没有这么慢，是不是内存不够，我要怎么清理垃圾，或者怎么做能让学练机反应快点,https://cupid.zhenguanyu.com/#/analysis/user-feedback-list?userId=750522989,未触达,,,,候选（需先在关联表确认）
2.64.11::反应慢优化+刷新模式设置::feedback-1073907955-2026/03/19 20:09:42,2.64.11,反应慢优化+刷新模式设置,1073907955,S2,反应慢，赠送的汉印机器已经坏了,https://cupid.zhenguanyu.com/#/analysis/user-feedback-list?userId=1073907955,未触达,,,,候选（需先在关联表确认）
2.64.11::反应慢优化+刷新模式设置::feedback-1126818349-2026/03/22 07:20:52,2.64.11,反应慢优化+刷新模式设置,1126818349,S6,反应慢，屏幕总闪,https://cupid.zhenguanyu.com/#/analysis/user-feedback-list?userId=1126818349,未触达,,,,候选（需先在关联表确认）
2.64.11::反应慢优化+刷新模式设置::feedback-721558410-2026/04/03 16:30:55,2.64.11,反应慢优化+刷新模式设置,721558410,S2,舒心不流畅，反应慢,https://cupid.zhenguanyu.com/#/analysis/user-feedback-list?userId=721558410,未触达,,,,候选（需先在关联表确认）
2.64.11::反应慢优化+刷新模式设置::feedback-235788786-2026/04/13 20:38:29,2.64.11,反应慢优化+刷新模式设置,235788786,S2,服务异常，有时候反应慢，笔还带虚线毛那种,https://cupid.zhenguanyu.com/#/analysis/user-feedback-list?userId=235788786,未触达,,,,候选（需先在关联表确认）
2.64.11::反应慢优化+刷新模式设置::feedback-383040282-2026/04/29 13:25:54,2.64.11,反应慢优化+刷新模式设置,383040282,S2,笔还没挨着平板就写字了，还有屏幕反应慢,https://cupid.zhenguanyu.com/#/analysis/user-feedback-list?userId=383040282,未触达,,,,候选（需先在关联表确认）
2.64.11::反应慢优化+刷新模式设置::feedback-399878864-2026/01/01 19:19:03,2.64.11,反应慢优化+刷新模式设置,399878864,S2,体系学中的爆款名师课课程数量减少了很多，重启刷新都没有用,https://cupid.zhenguanyu.com/#/analysis/user-feedback-list?userId=399878864,未触达,,,,候选（需先在关联表确认）
2.64.11::反应慢优化+刷新模式设置::feedback-688705086-2026/01/01 22:13:09,2.64.11,反应慢优化+刷新模式设置,688705086,S2,设备卡顿，维修后还是没用，我都是充满嗲寄走的，维修工程没技术含量就在推卸责任说我没充电。机器不好，使用不灵敏。修了还是不能用。还有视频不能发。维修没有技术含量，没有修好机器，浪费我的时间和精力。强烈投诉举报你们商家！这样子差的产品给我用我是要怀疑你们给我发的翻新机。麻烦你们给我退款退货,https://cupid.zhenguanyu.com/#/analysis/user-feedback-list?userId=688705086,未触达,,,,候选（需先在关联表确认）
2.64.11::反应慢优化+刷新模式设置::feedback-1063797098-2026/01/02 18:25:21,2.64.11,反应慢优化+刷新模式设置,1063797098,S2,设备多次卡死，重启之后已经写了的内容消失。笔很多次出现卡顿，还有无接触出现书写痕迹,https://cupid.zhenguanyu.com/#/analysis/user-feedback-list?userId=1063797098,未触达,,,,候选（需先在关联表确认）
2.64.11::反应慢优化+刷新模式设置::feedback-220787652-2026/01/03 18:31:45,2.64.11,反应慢优化+刷新模式设置,220787652,S2,这是我第三次遇到问题了，质量确实堪忧，写的好好的突然卡顿了，上次上死机黑屏,https://cupid.zhenguanyu.com/#/analysis/user-feedback-list?userId=220787652,未触达,,,,候选（需先在关联表确认）
2.64.11::反应慢优化+刷新模式设置::feedback-612103458-2026/01/05 21:17:11,2.64.11,反应慢优化+刷新模式设置,612103458,S2,翻页是页面太花，卡顿严重,https://cupid.zhenguanyu.com/#/analysis/user-feedback-list?userId=612103458,未触达,,,,候选（需先在关联表确认）
2.64.11::反应慢优化+刷新模式设置::feedback-1088554356-2026/01/10 13:20:41,2.64.11,反应慢优化+刷新模式设置,1088554356,E1,笔头没有完全接触到屏幕，就会有刺激出现。频繁卡顿甚至死机。卡顿时间有时候超过一分钟。,https://cupid.zhenguanyu.com/#/analysis/user-feedback-list?userId=1088554356,未触达,,,,候选（需先在关联表确认）
2.64.11::反应慢优化+刷新模式设置::feedback-260257704-2026/01/10 22:21:13,2.64.11,反应慢优化+刷新模式设置,260257704,S2,经常出现卡顿、书写后没反应、点击电源键没反应。需要强制重启 。,https://cupid.zhenguanyu.com/#/analysis/user-feedback-list?userId=260257704,未触达,,,,候选（需先在关联表确认）
2.64.11::反应慢优化+刷新模式设置::feedback-391863900-2026/01/11 19:20:45,2.64.11,反应慢优化+刷新模式设置,391863900,S6,切换页面时卡顿,https://cupid.zhenguanyu.com/#/analysis/user-feedback-list?userId=391863900,未触达,,,,候选（需先在关联表确认）
2.64.11::反应慢优化+刷新模式设置::feedback-545019020-2026/01/11 19:23:45,2.64.11,反应慢优化+刷新模式设置,545019020,S2,屏幕容易变花，这已经是第二次了,https://cupid.zhenguanyu.com/#/analysis/user-feedback-list?userId=545019020,未触达,,,,候选（需先在关联表确认）
2.64.11::反应慢优化+刷新模式设置::feedback-692633097-2026/01/12 21:09:54,2.64.11,反应慢优化+刷新模式设置,692633097,S6,建议手动批改要经过管理端同意，现在小朋友把做错的都拼手动改为正确的，已经严重影响试用了,https://cupid.zhenguanyu.com/#/analysis/user-feedback-list?userId=692633097,未触达,,,,候选（需先在关联表确认）
2.64.11::反应慢优化+刷新模式设置::feedback-612425521-2026/01/12 21:41:31,2.64.11,反应慢优化+刷新模式设置,612425521,S2,拍照批改时，摄像头反应太迟钝，严重影响效率,https://cupid.zhenguanyu.com/#/analysis/user-feedback-list?userId=612425521,未触达,,,,候选（需先在关联表确认）
2.64.11::反应慢优化+刷新模式设置::feedback-713016057-2026/01/12 22:10:05,2.64.11,反应慢优化+刷新模式设置,713016057,S2,视频模糊，,https://cupid.zhenguanyu.com/#/analysis/user-feedback-list?userId=713016057,未触达,,,,候选（需先在关联表确认）
2.64.11::反应慢优化+刷新模式设置::feedback-157591420-2026/01/14 21:44:42,2.64.11,反应慢优化+刷新模式设置,157591420,S6,孩子答案明明写对了，总是给批改错误，而且反应有点慢，卡顿。,https://cupid.zhenguanyu.com/#/analysis/user-feedback-list?userId=157591420,未触达,,,,候选（需先在关联表确认）
2.64.11::反应慢优化+刷新模式设置::feedback-482267214-2026/01/14 22:03:19,2.64.11,反应慢优化+刷新模式设置,482267214,S2,设备卡顿怎么办，没有任何反应,https://cupid.zhenguanyu.com/#/analysis/user-feedback-list?userId=482267214,未触达,,,,候选（需先在关联表确认）
2.64.11::反应慢优化+刷新模式设置::feedback-1067437017-2026/01/15 22:11:19,2.64.11,反应慢优化+刷新模式设置,1067437017,S2,笔有重影，写不了字太粗，,https://cupid.zhenguanyu.com/#/analysis/user-feedback-list?userId=1067437017,未触达,,,,候选（需先在关联表确认）
2.64.11::反应慢优化+刷新模式设置::feedback-120675854-2026/01/17 13:45:40,2.64.11,反应慢优化+刷新模式设置,120675854,S2,画面卡顿,https://cupid.zhenguanyu.com/#/analysis/user-feedback-list?userId=120675854,未触达,,,,候选（需先在关联表确认）
2.64.11::反应慢优化+刷新模式设置::feedback-803001041-2026/01/17 21:22:42,2.64.11,反应慢优化+刷新模式设置,803001041,S2,卡顿，写不出字,https://cupid.zhenguanyu.com/#/analysis/user-feedback-list?userId=803001041,未触达,,,,候选（需先在关联表确认）
2.64.11::反应慢优化+刷新模式设置::feedback-1091870334-2026/01/18 16:58:04,2.64.11,反应慢优化+刷新模式设置,1091870334,E1,卡顿严重，错误判断,https://cupid.zhenguanyu.com/#/analysis/user-feedback-list?userId=1091870334,未触达,,,,候选（需先在关联表确认）
2.64.11::反应慢优化+刷新模式设置::feedback-750660181-2026/01/19 22:25:15,2.64.11,反应慢优化+刷新模式设置,750660181,S2,出现卡顿,https://cupid.zhenguanyu.com/#/analysis/user-feedback-list?userId=750660181,未触达,,,,候选（需先在关联表确认）
2.64.11::反应慢优化+刷新模式设置::feedback-210213490-2026/01/19 22:37:26,2.64.11,反应慢优化+刷新模式设置,210213490,S6,屏幕会卡顿，切换不流畅,https://cupid.zhenguanyu.com/#/analysis/user-feedback-list?userId=210213490,未触达,,,,候选（需先在关联表确认）
2.64.11::反应慢优化+刷新模式设置::feedback-1012777856-2026/01/20 14:16:56,2.64.11,反应慢优化+刷新模式设置,1012777856,S2,在使用过程中经常出现卡顿的情况,https://cupid.zhenguanyu.com/#/analysis/user-feedback-list?userId=1012777856,未触达,,,,候选（需先在关联表确认）
2.64.11::反应慢优化+刷新模式设置::feedback-582233737-2026/01/23 16:18:41,2.64.11,反应慢优化+刷新模式设置,582233737,S2,设备出现花屏状态。,https://cupid.zhenguanyu.com/#/analysis/user-feedback-list?userId=582233737,未触达,,,,候选（需先在关联表确认）
2.64.11::反应慢优化+刷新模式设置::feedback-582233737-2026/01/23 16:20:37,2.64.11,反应慢优化+刷新模式设置,582233737,S2,设备无法正常使用，出现花屏。,https://cupid.zhenguanyu.com/#/analysis/user-feedback-list?userId=582233737,未触达,,,,候选（需先在关联表确认）
2.64.11::反应慢优化+刷新模式设置::feedback-487888404-2026/01/23 17:29:12,2.64.11,反应慢优化+刷新模式设置,487888404,S2,使用的时候卡顿,https://cupid.zhenguanyu.com/#/analysis/user-feedback-list?userId=487888404,未触达,,,,候选（需先在关联表确认）
2.64.11::反应慢优化+刷新模式设置::feedback-210886572-2026/01/23 20:03:44,2.64.11,反应慢优化+刷新模式设置,210886572,E1,画面卡住，颜色发暗,https://cupid.zhenguanyu.com/#/analysis/user-feedback-list?userId=210886572,未触达,,,,候选（需先在关联表确认）
2.64.11::反应慢优化+刷新模式设置::feedback-223366466-2026/01/24 20:28:28,2.64.11,反应慢优化+刷新模式设置,223366466,S6,写的字会重影,https://cupid.zhenguanyu.com/#/analysis/user-feedback-list?userId=223366466,未触达,,,,候选（需先在关联表确认）
2.64.11::反应慢优化+刷新模式设置::feedback-532561967-2026/01/26 10:52:08,2.64.11,反应慢优化+刷新模式设置,532561967,S2,写字笔更换一次笔芯就卡顿,https://cupid.zhenguanyu.com/#/analysis/user-feedback-list?userId=532561967,未触达,,,,候选（需先在关联表确认）
2.64.11::反应慢优化+刷新模式设置::feedback-1030680200-2026/01/31 09:58:17,2.64.11,反应慢优化+刷新模式设置,1030680200,S2,经常判错题，而且有时候卡顿之后做的题全没了,https://cupid.zhenguanyu.com/#/analysis/user-feedback-list?userId=1030680200,未触达,,,,候选（需先在关联表确认）
2.64.11::反应慢优化+刷新模式设置::feedback-463742348-2026/02/02 12:34:13,2.64.11,反应慢优化+刷新模式设置,463742348,S2,卡顿，死机是产品硬件问题，不应该我们承担费用。另外我们机器首次登录不是我们的手机号，我们怀疑是翻新机，而且我们每年都在维修这个机器。具体维修记录你们可以自己查看。,https://cupid.zhenguanyu.com/#/analysis/user-feedback-list?userId=463742348,未触达,,,,候选（需先在关联表确认）
2.64.11::反应慢优化+刷新模式设置::feedback-1092089741-2026/02/02 15:29:25,2.64.11,反应慢优化+刷新模式设置,1092089741,S2,卡顿，死机,https://cupid.zhenguanyu.com/#/analysis/user-feedback-list?userId=1092089741,未触达,,,,候选（需先在关联表确认）
2.64.11::反应慢优化+刷新模式设置::feedback-522988794-2026/02/02 22:12:32,2.64.11,反应慢优化+刷新模式设置,522988794,S2,关不了机卡顿才买了一年,https://cupid.zhenguanyu.com/#/analysis/user-feedback-list?userId=522988794,未触达,,,,候选（需先在关联表确认）
2.64.11::反应慢优化+刷新模式设置::feedback-477462046-2026/02/02 22:12:39,2.64.11,反应慢优化+刷新模式设置,477462046,S2,速度慢卡顿，不流畅,https://cupid.zhenguanyu.com/#/analysis/user-feedback-list?userId=477462046,未触达,,,,候选（需先在关联表确认）
2.64.11::反应慢优化+刷新模式设置::feedback-257525568-2026/02/04 20:54:16,2.64.11,反应慢优化+刷新模式设置,257525568,S2,英语阅读在哪个里面,https://cupid.zhenguanyu.com/#/analysis/user-feedback-list?userId=257525568,未触达,,,,候选（需先在关联表确认）
2.64.11::反应慢优化+刷新模式设置::feedback-1124155298-2026/02/06 21:00:47,2.64.11,反应慢优化+刷新模式设置,1124155298,S6,攻克一次薄弱点任务，完成了也不刷新,https://cupid.zhenguanyu.com/#/analysis/user-feedback-list?userId=1124155298,未触达,,,,候选（需先在关联表确认）
2.64.11::反应慢优化+刷新模式设置::feedback-750497527-2026/02/08 22:08:03,2.64.11,反应慢优化+刷新模式设置,750497527,S2,触控反馈相当差，点击很长时间都没有反应，写字时触控笔距离屏幕还有15mm左右就开始出现笔痕，根本无法写出正确的字，设备卡顿严重，反应特别慢，屏幕花屏严重，体验感太差了.,https://cupid.zhenguanyu.com/#/analysis/user-feedback-list?userId=750497527,未触达,,,,候选（需先在关联表确认）
2.64.11::反应慢优化+刷新模式设置::feedback-393233324-2026/02/08 22:22:03,2.64.11,反应慢优化+刷新模式设置,393233324,S2,笔擦死垃圾，总是掉，笔也感应不良，设备卡顿,https://cupid.zhenguanyu.com/#/analysis/user-feedback-list?userId=393233324,未触达,,,,候选（需先在关联表确认）
2.64.11::反应慢优化+刷新模式设置::feedback-731102552-2026/02/14 16:42:32,2.64.11,反应慢优化+刷新模式设置,731102552,S2,机子现在用卡顿,https://cupid.zhenguanyu.com/#/analysis/user-feedback-list?userId=731102552,未触达,,,,候选（需先在关联表确认）
2.64.11::反应慢优化+刷新模式设置::feedback-707436849-2026/02/24 08:22:31,2.64.11,反应慢优化+刷新模式设置,707436849,S2,设备卡顿，没有想要的功能，内容错误，批改经常出错,https://cupid.zhenguanyu.com/#/analysis/user-feedback-list?userId=707436849,未触达,,,,候选（需先在关联表确认）
2.64.11::反应慢优化+刷新模式设置::feedback-472653746-2026/02/25 15:40:58,2.64.11,反应慢优化+刷新模式设置,472653746,S2,设备卡顿,https://cupid.zhenguanyu.com/#/analysis/user-feedback-list?userId=472653746,未触达,,,,候选（需先在关联表确认）
2.64.11::反应慢优化+刷新模式设置::feedback-593671981-2026/02/25 21:50:12,2.64.11,反应慢优化+刷新模式设置,593671981,S6,题目都能写错，误导孩子审题，第一次买小猿有点失望，用起来还有点卡顿！,https://cupid.zhenguanyu.com/#/analysis/user-feedback-list?userId=593671981,未触达,,,,候选（需先在关联表确认）
2.64.11::反应慢优化+刷新模式设置::feedback-367730054-2026/02/28 21:48:28,2.64.11,反应慢优化+刷新模式设置,367730054,S2,时不时总会卡顿,https://cupid.zhenguanyu.com/#/analysis/user-feedback-list?userId=367730054,未触达,,,,候选（需先在关联表确认）
2.64.11::反应慢优化+刷新模式设置::feedback-1126509039-2026/03/01 12:45:01,2.64.11,反应慢优化+刷新模式设置,1126509039,S6,这个为什么会有重影啊,https://cupid.zhenguanyu.com/#/analysis/user-feedback-list?userId=1126509039,未触达,,,,候选（需先在关联表确认）
2.64.11::反应慢优化+刷新模式设置::feedback-1069430951-2026/03/01 15:23:50,2.64.11,反应慢优化+刷新模式设置,1069430951,S2,买回来这个笔就已经不好写，还卡顿，我都不说了，之前买了两部说屏，屏幕坏了，可以保修，换一个就超过两个月，买两台还换一个屏幕，还不给换，你这你们这样的售后还有人找你们买吗？,https://cupid.zhenguanyu.com/#/analysis/user-feedback-list?userId=1069430951,未触达,,,,候选（需先在关联表确认）
2.64.11::反应慢优化+刷新模式设置::feedback-210588166-2026/03/02 19:56:59,2.64.11,反应慢优化+刷新模式设置,210588166,S2,英语四年级下北京版新课标-专项突破-英语-英语点读，刷新不出来,https://cupid.zhenguanyu.com/#/analysis/user-feedback-list?userId=210588166,未触达,,,,候选（需先在关联表确认）
2.64.11::反应慢优化+刷新模式设置::feedback-1123993525-2026/03/03 11:25:55,2.64.11,反应慢优化+刷新模式设置,1123993525,S6,上传文件刷新后 学习机上还是没有文件,https://cupid.zhenguanyu.com/#/analysis/user-feedback-list?userId=1123993525,未触达,,,,候选（需先在关联表确认）
2.64.11::反应慢优化+刷新模式设置::feedback-535428803-2026/03/03 21:52:02,2.64.11,反应慢优化+刷新模式设置,535428803,S2,"内容更新错误，三年级上学期数学人教版就不对啦，这个学期数学也对不上，无法跟着系统学练
设备卡顿，写字笔更新了还是卡☹️",https://cupid.zhenguanyu.com/#/analysis/user-feedback-list?userId=535428803,未触达,,,,候选（需先在关联表确认）
2.64.11::反应慢优化+刷新模式设置::feedback-666018635-2026/03/06 21:03:20,2.64.11,反应慢优化+刷新模式设置,666018635,S6,翻页不顺！卡顿特别厉害！！！！还有题外话问一句如果做数学题的时候画直线，屏幕有点出直尺类的工作吗？,https://cupid.zhenguanyu.com/#/analysis/user-feedback-list?userId=666018635,未触达,,,,候选（需先在关联表确认）
2.64.11::反应慢优化+刷新模式设置::feedback-662432922-2026/03/06 21:39:39,2.64.11,反应慢优化+刷新模式设置,662432922,E1,卡顿,https://cupid.zhenguanyu.com/#/analysis/user-feedback-list?userId=662432922,未触达,,,,候选（需先在关联表确认）
2.64.11::反应慢优化+刷新模式设置::feedback-685145908-2026/03/08 10:28:43,2.64.11,反应慢优化+刷新模式设置,685145908,S2,上次寄修完，都没有改善，都是卡顿,https://cupid.zhenguanyu.com/#/analysis/user-feedback-list?userId=685145908,未触达,,,,候选（需先在关联表确认）
2.64.11::反应慢优化+刷新模式设置::feedback-277342746-2026/03/09 20:16:33,2.64.11,反应慢优化+刷新模式设置,277342746,S2,写字大约2-3 分钟左右就写不出来了，卡顿，断墨的情况,https://cupid.zhenguanyu.com/#/analysis/user-feedback-list?userId=277342746,未触达,,,,候选（需先在关联表确认）
2.64.11::反应慢优化+刷新模式设置::feedback-498347634-2026/03/10 21:41:12,2.64.11,反应慢优化+刷新模式设置,498347634,S2,写字笔每次都卡顿，消除功能失调现象频发,https://cupid.zhenguanyu.com/#/analysis/user-feedback-list?userId=498347634,未触达,,,,候选（需先在关联表确认）
2.64.11::反应慢优化+刷新模式设置::feedback-424713592-2026/03/12 14:31:29,2.64.11,反应慢优化+刷新模式设置,424713592,S2,最近使用的时候很卡顿，有时候还会出现没有响应的情况,https://cupid.zhenguanyu.com/#/analysis/user-feedback-list?userId=424713592,未触达,,,,候选（需先在关联表确认）
2.64.11::反应慢优化+刷新模式设置::feedback-465311200-2026/03/12 18:30:20,2.64.11,反应慢优化+刷新模式设置,465311200,S2,这个视频里只要换一个画面，他就会有阴影，每次都要按一下刷新后面阴影才会消失，看个视频要一直按刷新，他只要换画面我就按刷新。能不能改进一下呢，谢谢🙏,https://cupid.zhenguanyu.com/#/analysis/user-feedback-list?userId=465311200,未触达,,,,候选（需先在关联表确认）
2.64.11::反应慢优化+刷新模式设置::feedback-12731267-2026/03/16 21:59:49,2.64.11,反应慢优化+刷新模式设置,12731267,S2,机子卡顿，书写不反应，写了没有任何反应,https://cupid.zhenguanyu.com/#/analysis/user-feedback-list?userId=12731267,未触达,,,,候选（需先在关联表确认）
2.64.11::反应慢优化+刷新模式设置::feedback-627382593-2026/03/22 10:08:37,2.64.11,反应慢优化+刷新模式设置,627382593,S2,设备使用卡顿，想关机重启也不行，一直停在一个页面不动。,https://cupid.zhenguanyu.com/#/analysis/user-feedback-list?userId=627382593,未触达,,,,候选（需先在关联表确认）
2.64.11::反应慢优化+刷新模式设置::feedback-378327416-2026/03/22 21:50:55,2.64.11,反应慢优化+刷新模式设置,378327416,S6,孩子学习期间，如果正在学习第一页，现在翻到第二页，那么第二页上就会残留下第一页文字的痕迹，不点刷新键的话就会一直停在屏幕中很影响视觉观感，造成孩子眼睛疲劳，这一方面会提升吗？,https://cupid.zhenguanyu.com/#/analysis/user-feedback-list?userId=378327416,未触达,,,,候选（需先在关联表确认）
2.64.11::反应慢优化+刷新模式设置::feedback-747273607-2026/03/24 23:13:54,2.64.11,反应慢优化+刷新模式设置,747273607,S2,书写本卡顿，书写过程中，笔尖接触不灵敏，系统无反应，无法直观判断机器或者笔具体哪个故障问题，没有屏灵敏度测试功能。,https://cupid.zhenguanyu.com/#/analysis/user-feedback-list?userId=747273607,未触达,,,,候选（需先在关联表确认）
2.64.11::反应慢优化+刷新模式设置::feedback-533277995-2026/03/29 14:06:49,2.64.11,反应慢优化+刷新模式设置,533277995,S2,笔不好用，书写会卡顿，笔芯换了，效果没有很明显的改善。想以旧换新，换最新款的,https://cupid.zhenguanyu.com/#/analysis/user-feedback-list?userId=533277995,未触达,,,,候选（需先在关联表确认）
2.64.11::反应慢优化+刷新模式设置::feedback-416934486-2026/03/31 16:13:54,2.64.11,反应慢优化+刷新模式设置,416934486,S2,解析有错误，明明做对的题给打错，而且解析会出现计算错误这种低级错误！这个问题严重影响孩子的学习,https://cupid.zhenguanyu.com/#/analysis/user-feedback-list?userId=416934486,未触达,,,,候选（需先在关联表确认）
2.64.11::反应慢优化+刷新模式设置::feedback-100505790-2026/04/01 10:46:21,2.64.11,反应慢优化+刷新模式设置,100505790,S2,在拍照视频答疑中，拍出的照没有解答，是一片空白，重启，刷新都没用,https://cupid.zhenguanyu.com/#/analysis/user-feedback-list?userId=100505790,未触达,,,,候选（需先在关联表确认）
2.64.11::反应慢优化+刷新模式设置::feedback-416934486-2026/04/01 20:55:41,2.64.11,反应慢优化+刷新模式设置,416934486,S2,"解析有错误，明明做对的题给打错，而且解析会出现计算错误这种低级错误！这个问题严重影响孩子的学习
",https://cupid.zhenguanyu.com/#/analysis/user-feedback-list?userId=416934486,未触达,,,,候选（需先在关联表确认）
2.64.11::反应慢优化+刷新模式设置::feedback-215567176-2026/04/01 21:11:12,2.64.11,反应慢优化+刷新模式设置,215567176,S2,最近发现卡顿厉害，而且进入数独页面，居然腾空写字，到底怎么回事？！,https://cupid.zhenguanyu.com/#/analysis/user-feedback-list?userId=215567176,未触达,,,,候选（需先在关联表确认）
2.64.11::反应慢优化+刷新模式设置::feedback-725711958-2026/04/03 13:38:07,2.64.11,反应慢优化+刷新模式设置,725711958,S2,学练机卡顿点半天没有反应手写笔笔记也没法使用,https://cupid.zhenguanyu.com/#/analysis/user-feedback-list?userId=725711958,未触达,,,,候选（需先在关联表确认）
2.64.11::反应慢优化+刷新模式设置::feedback-692633097-2026/04/06 09:59:50,2.64.11,反应慢优化+刷新模式设置,692633097,S6,"
建议手动批改要经过管理端同意，现在小朋友把做错的都手动改为正确的，已经严重影响使用了。之前反馈一直没有回复，请确认是否能优化
",https://cupid.zhenguanyu.com/#/analysis/user-feedback-list?userId=692633097,未触达,,,,候选（需先在关联表确认）
2.64.11::反应慢优化+刷新模式设置::feedback-223599244-2026/04/11 13:52:19,2.64.11,反应慢优化+刷新模式设置,223599244,S6,卡顿，不显示题啊,https://cupid.zhenguanyu.com/#/analysis/user-feedback-list?userId=223599244,未触达,,,,候选（需先在关联表确认）
2.64.11::反应慢优化+刷新模式设置::feedback-415657594-2026/04/11 18:59:09,2.64.11,反应慢优化+刷新模式设置,415657594,S2,右上角卡顿,https://cupid.zhenguanyu.com/#/analysis/user-feedback-list?userId=415657594,未触达,,,,候选（需先在关联表确认）
2.64.11::反应慢优化+刷新模式设置::feedback-626762587-2026/04/12 09:12:56,2.64.11,反应慢优化+刷新模式设置,626762587,S2,学练机里面的学霸笔记卡顿  一直加载  一会就跳转原来页面  打不开,https://cupid.zhenguanyu.com/#/analysis/user-feedback-list?userId=626762587,未触达,,,,候选（需先在关联表确认）
2.64.11::反应慢优化+刷新模式设置::feedback-342975104-2026/04/12 09:46:59,2.64.11,反应慢优化+刷新模式设置,342975104,S2,Baidu云盘分享的PDF阅读超级慢，卡顿，难用,https://cupid.zhenguanyu.com/#/analysis/user-feedback-list?userId=342975104,未触达,,,,候选（需先在关联表确认）
2.64.11::反应慢优化+刷新模式设置::feedback-225558408-2026/04/13 21:00:34,2.64.11,反应慢优化+刷新模式设置,225558408,S2,卡顿，闪退，薄弱点批改无法完成,https://cupid.zhenguanyu.com/#/analysis/user-feedback-list?userId=225558408,未触达,,,,候选（需先在关联表确认）
2.64.11::反应慢优化+刷新模式设置::feedback-1012155038-2026/04/18 21:41:41,2.64.11,反应慢优化+刷新模式设置,1012155038,S2,错题本拍照上传的错题莫名其妙不见了，这个严重影响小朋友查缺补漏，麻烦看下为什么,https://cupid.zhenguanyu.com/#/analysis/user-feedback-list?userId=1012155038,未触达,,,,候选（需先在关联表确认）
2.64.11::反应慢优化+刷新模式设置::feedback-1132939648-2026/04/19 20:36:23,2.64.11,反应慢优化+刷新模式设置,1132939648,S2,笔离1cm都能写字是什么原因？设备目前卡顿是什么原因,https://cupid.zhenguanyu.com/#/analysis/user-feedback-list?userId=1132939648,未触达,,,,候选（需先在关联表确认）
2.64.11::反应慢优化+刷新模式设置::feedback-348915334-2026/04/20 12:54:28,2.64.11,反应慢优化+刷新模式设置,348915334,S2,app总是自动断开连接，设备偶尔卡顿,https://cupid.zhenguanyu.com/#/analysis/user-feedback-list?userId=348915334,未触达,,,,候选（需先在关联表确认）
2.64.11::反应慢优化+刷新模式设置::feedback-357818584-2026/04/26 16:26:10,2.64.11,反应慢优化+刷新模式设置,357818584,S2,今天更新过之后屏幕有横线的重影，不清楚了都,https://cupid.zhenguanyu.com/#/analysis/user-feedback-list?userId=357818584,未触达,,,,候选（需先在关联表确认）
2.64.11::反应慢优化+刷新模式设置::feedback-541633369-2026/04/27 21:19:06,2.64.11,反应慢优化+刷新模式设置,541633369,S2,书写起来，点触有问题，很卡顿,https://cupid.zhenguanyu.com/#/analysis/user-feedback-list?userId=541633369,未触达,,,,候选（需先在关联表确认）
2.64.11::反应慢优化+刷新模式设置::feedback-1046146384-2026/04/29 19:54:35,2.64.11,反应慢优化+刷新模式设置,1046146384,S2,硬件垃圾的都不想说了，不到两年已经维修了5次，使用频率也不高，为啥这么容易卡顿和死机。维修费用那么高，是知道自己的产品容易坏吗？,https://cupid.zhenguanyu.com/#/analysis/user-feedback-list?userId=1046146384,未触达,,,,候选（需先在关联表确认）
2.64.11::反应慢优化+刷新模式设置::feedback-412316940-2026/05/03 16:33:33,2.64.11,反应慢优化+刷新模式设置,412316940,S2,你好6/29号我买的小猿学练机，自带题库频繁出现题型错误、答案错误、批改误判，已经更新到最新系统和题库，也核对过教材版本，问题一直存在，严重影响孩子学习。要求：登记问题、修复题库、换新/,https://cupid.zhenguanyu.com/#/analysis/user-feedback-list?userId=412316940,未触达,,,,候选（需先在关联表确认）
2.64.11::反应慢优化+刷新模式设置::feedback-412915254-2026/05/06 21:22:23,2.64.11,反应慢优化+刷新模式设置,412915254,S2,笔写字不流畅，卡顿,https://cupid.zhenguanyu.com/#/analysis/user-feedback-list?userId=412915254,未触达,,,,候选（需先在关联表确认）
2.64.11::反应慢优化+刷新模式设置::feedback-463678252-2026/05/14 21:11:04,2.64.11,反应慢优化+刷新模式设置,463678252,E1,在网络特别好的情况下还卡顿,https://cupid.zhenguanyu.com/#/analysis/user-feedback-list?userId=463678252,未触达,,,,候选（需先在关联表确认）
2.64.11::反应慢优化+刷新模式设置::feedback-580339904-2026/05/17 16:29:24,2.64.11,反应慢优化+刷新模式设置,580339904,S1,"致小猿学练机（北京寸阴成器科技有限公司），现就产品""系统强制限制自定义单词本每次只能添加100个单词""严重设计缺陷进行投诉。

自定义单词本强制限制每次仅能添加100个单词，孩子日常复习量远超此数，导致前面听完后面就忘，完全无法形成有效复习闭环。花高价购买的学习设备，因这一不合理系统限制基本长期无法使用，严重影响核心功能体验。

现正式要求：立即解除该限制，至少将自定义单词本容量提升至500个。如未得到有效处理，我将依次向全国12315平台（投诉主体：北京寸阴成器科技有限公司）、黑猫投诉等渠道实名投诉，并保留向媒体曝光权利。

拒绝为设计缺陷买单，请尽快答复处理方案。",https://cupid.zhenguanyu.com/#/analysis/user-feedback-list?userId=580339904,未触达,,,,候选（需先在关联表确认）
2.64.11::反应慢优化+刷新模式设置::feedback-712040176-2026/05/28 20:32:58,2.64.11,反应慢优化+刷新模式设置,712040176,S1,打开页面非常卡顿,https://cupid.zhenguanyu.com/#/analysis/user-feedback-list?userId=712040176,未触达,,,,候选（需先在关联表确认）
2.64.11::反应慢优化+刷新模式设置::feedback-1084723877-2026/05/31 10:12:09,2.64.11,反应慢优化+刷新模式设置,1084723877,E1,设备使用不到一年，时常卡顿,https://cupid.zhenguanyu.com/#/analysis/user-feedback-list?userId=1084723877,未触达,,,,候选（需先在关联表确认）
2.64.11::反应慢优化+刷新模式设置::feedback-694524983-2026/06/07 13:47:47,2.64.11,反应慢优化+刷新模式设置,694524983,S6,家长端程序简直弱智，一个作品审核的地方都找不到，使用也非常不顺畅，卡顿，产品设计一塌糊涂,https://cupid.zhenguanyu.com/#/analysis/user-feedback-list?userId=694524983,未触达,,,,候选（需先在关联表确认）
2.64.11::寒假规划::feedback-1112426268-2026/01/18 20:37:27,2.64.11,寒假规划,1112426268,S2,寒假计划怎么没有了？,https://cupid.zhenguanyu.com/#/analysis/user-feedback-list?userId=1112426268,未触达,,,,候选（需先在关联表确认）
2.64.11::寒假规划::feedback-510492685-2026/01/20 17:09:50,2.64.11,寒假规划,510492685,S2,都1月20号了，孩子已经放假13天了，寒假作业还没出来，目前还显示在复习阶段。建议下次寒假1月初，暑假7月初就同步出寒/暑假计划。,https://cupid.zhenguanyu.com/#/analysis/user-feedback-list?userId=510492685,未触达,,,,候选（需先在关联表确认）
2.64.11::寒假规划::feedback-538542923-2026/01/29 12:28:32,2.64.11,寒假规划,538542923,S2,贵州省一二年级没有英语英语课程，但是寒假作业里面设置了，不写无法下一个，怎么处理,https://cupid.zhenguanyu.com/#/analysis/user-feedback-list?userId=538542923,未触达,,,,候选（需先在关联表确认）
2.64.11::寒假规划::feedback-325784810-2026/02/05 18:56:35,2.64.11,寒假规划,325784810,S2,寒假计划里面第八天开始，英语预习内容没有更新，还是旧版本的教材。很影响使用,https://cupid.zhenguanyu.com/#/analysis/user-feedback-list?userId=325784810,未触达,,,,候选（需先在关联表确认）
2.64.11::寒假规划::feedback-364352922-2026/02/21 11:15:34,2.64.11,寒假规划,364352922,S6,寒假计划中第八天开始，练习内容与教材不符（二年级下）,https://cupid.zhenguanyu.com/#/analysis/user-feedback-list?userId=364352922,未触达,,,,候选（需先在关联表确认）
2.64.11::寒假规划::feedback-1102773172-2026/01/03 10:19:49,2.64.11,寒假规划,1102773172,E1,体系学中的音标内容和甄选名师课半年都没有更新出来，并且现在已经放寒假了，假期的内容和下学期教材预习内容也没有更新,https://cupid.zhenguanyu.com/#/analysis/user-feedback-list?userId=1102773172,未触达,,,,候选（需先在关联表确认）
2.64.11::寒假规划::feedback-202344648-2026/01/03 08:59:47,2.64.11,寒假规划,202344648,S2,假期已到，请更新八年级最新人教版课程，特别是英语,https://cupid.zhenguanyu.com/#/analysis/user-feedback-list?userId=202344648,未触达,,,,候选（需先在关联表确认）
2.64.11::寒假规划::feedback-364196322-2026/01/04 20:38:04,2.64.11,寒假规划,364196322,S2,三年级下册语文，部分内容已经改变了，能不能更新一下，孩子假期要预习啊，你这还是老内容，不给更新的吗？,https://cupid.zhenguanyu.com/#/analysis/user-feedback-list?userId=364196322,未触达,,,,候选（需先在关联表确认）
2.64.11::寒假规划::feedback-542046019-2026/01/10 15:25:11,2.64.11,寒假规划,542046019,S2,寒假大作战怎么居然没没有了，1月3号到1月5号还有呢，昨天看怎么突然没有了，,https://cupid.zhenguanyu.com/#/analysis/user-feedback-list?userId=542046019,未触达,,,,候选（需先在关联表确认）
2.64.11::寒假规划::feedback-463919518-2026/01/10 21:50:08,2.64.11,寒假规划,463919518,S2,"1.考前闯关复习题我们考完试了才更新出来。
2.现在已经放寒假了，寒假大作战还没更新。希望能及时提前更新。",https://cupid.zhenguanyu.com/#/analysis/user-feedback-list?userId=463919518,未触达,,,,候选（需先在关联表确认）
2.64.11::寒假规划::feedback-413819224-2026/01/11 11:11:37,2.64.11,寒假规划,413819224,S2,寒假预复习计划什么时候有？,https://cupid.zhenguanyu.com/#/analysis/user-feedback-list?userId=413819224,未触达,,,,候选（需先在关联表确认）
2.64.11::寒假规划::feedback-1065603848-2026/01/11 22:15:23,2.64.11,寒假规划,1065603848,S2,最近非常卡，寒假的作业咋没有了呢，才写2天,https://cupid.zhenguanyu.com/#/analysis/user-feedback-list?userId=1065603848,未触达,,,,候选（需先在关联表确认）
2.64.11::寒假规划::feedback-233362852-2026/01/12 21:18:42,2.64.11,寒假规划,233362852,S2,小学六年级英语精通版下册专项突破英语单词听写只有前三个单元的 后面的 什么时候更新呀 本来假期预习背单词正好用到 结果只有一半的内容…,https://cupid.zhenguanyu.com/#/analysis/user-feedback-list?userId=233362852,未触达,,,,候选（需先在关联表确认）
2.64.11::寒假规划::feedback-999478551-2026/01/13 18:43:36,2.64.11,寒假规划,999478551,S2,寒假大作战未更新,https://cupid.zhenguanyu.com/#/analysis/user-feedback-list?userId=999478551,未触达,,,,候选（需先在关联表确认）
2.64.11::寒假规划::feedback-367127832-2026/01/14 12:45:25,2.64.11,寒假规划,367127832,S2,寒假大作战课程没有出现，小猿电台一起读绘本中关于北极星毛发故事内容错误,https://cupid.zhenguanyu.com/#/analysis/user-feedback-list?userId=367127832,未触达,,,,候选（需先在关联表确认）
2.64.11::寒假规划::feedback-747508234-2026/01/14 14:53:56,2.64.11,寒假规划,747508234,S2,为什么还没有寒假大作战？,https://cupid.zhenguanyu.com/#/analysis/user-feedback-list?userId=747508234,未触达,,,,候选（需先在关联表确认）
2.64.11::寒假规划::feedback-208771524-2026/01/15 17:37:06,2.64.11,寒假规划,208771524,S2,有没有5下寒假大作战,https://cupid.zhenguanyu.com/#/analysis/user-feedback-list?userId=208771524,未触达,,,,候选（需先在关联表确认）
2.64.11::寒假规划::feedback-218215696-2026/01/16 16:24:33,2.64.11,寒假规划,218215696,S2,寒假大作战怎么没有了,https://cupid.zhenguanyu.com/#/analysis/user-feedback-list?userId=218215696,未触达,,,,候选（需先在关联表确认）
2.64.11::寒假规划::feedback-920864917-2026/01/18 09:04:55,2.64.11,寒假规划,920864917,S2,如果可以的话，麻烦把英语语文等教材放上去，能自己跟读，点读，对于假期预习很重要。,https://cupid.zhenguanyu.com/#/analysis/user-feedback-list?userId=920864917,未触达,,,,候选（需先在关联表确认）
2.64.11::寒假规划::feedback-332658536-2026/01/18 10:52:09,2.64.11,寒假规划,332658536,S2,学练机上的寒假大作战呢？,https://cupid.zhenguanyu.com/#/analysis/user-feedback-list?userId=332658536,未触达,,,,候选（需先在关联表确认）
2.64.11::寒假规划::feedback-167702752-2026/01/20 12:26:56,2.64.11,寒假规划,167702752,S2,寒假超越计划怎么没有了,https://cupid.zhenguanyu.com/#/analysis/user-feedback-list?userId=167702752,未触达,,,,候选（需先在关联表确认）
2.64.11::寒假规划::feedback-26732967-2026/01/20 21:47:47,2.64.11,寒假规划,26732967,S2,一课一练有暑假、寒假版了，小猿何时能上线？沪教版教材的教辅太少了,https://cupid.zhenguanyu.com/#/analysis/user-feedback-list?userId=26732967,未触达,,,,候选（需先在关联表确认）
2.64.11::寒假规划::feedback-1069201937-2026/01/21 10:09:31,2.64.11,寒假规划,1069201937,S2,六年级寒假看不到寒假大作战题目？,https://cupid.zhenguanyu.com/#/analysis/user-feedback-list?userId=1069201937,未触达,,,,候选（需先在关联表确认）
2.64.11::寒假规划::feedback-138290726-2026/01/21 12:46:51,2.64.11,寒假规划,138290726,S2,能不能在寒假流量内容变更为下学期的内容便于孩子提前预习？,https://cupid.zhenguanyu.com/#/analysis/user-feedback-list?userId=138290726,未触达,,,,候选（需先在关联表确认）
2.64.11::寒假规划::feedback-538542923-2026/01/21 20:03:32,2.64.11,寒假规划,538542923,S2,一年级没有英语，但是假期作业里面有，完成不了就无法进入下一个,https://cupid.zhenguanyu.com/#/analysis/user-feedback-list?userId=538542923,未触达,,,,候选（需先在关联表确认）
2.64.11::寒假规划::feedback-703039546-2026/01/22 11:18:53,2.64.11,寒假规划,703039546,S2,二年级的小学生，没有寒假大作战,https://cupid.zhenguanyu.com/#/analysis/user-feedback-list?userId=703039546,未触达,,,,候选（需先在关联表确认）
2.64.11::寒假规划::feedback-747452153-2026/01/22 21:58:17,2.64.11,寒假规划,747452153,S1,"设备卡顿反应慢，服务内容减配，目前没有寒假大做战内容模块…请退货处理…

已经按客服指导，做了系统升级，年级下学期选择，仍无寒假专项练习版块内容，后客服说不支持s1版本！


请尽快安排退货退款！",https://cupid.zhenguanyu.com/#/analysis/user-feedback-list?userId=747452153,未触达,,,,候选（需先在关联表确认）
2.64.11::寒假规划::feedback-472109860-2026/01/22 22:03:56,2.64.11,寒假规划,472109860,S1,数学八下北师大版，从第二章开始没有视频讲解。麻烦尽快更新，寒假预习呢，谢谢,https://cupid.zhenguanyu.com/#/analysis/user-feedback-list?userId=472109860,未触达,,,,候选（需先在关联表确认）
2.64.11::寒假规划::feedback-518450739-2026/01/24 14:12:14,2.64.11,寒假规划,518450739,S2,寒假超越计划，我卷子分析拍了一半不小心点到提交，客服说没法重新拍照分析了，拍错了不能重来，希望可以优化。只有一次机会，实在太不智能了。,https://cupid.zhenguanyu.com/#/analysis/user-feedback-list?userId=518450739,未触达,,,,候选（需先在关联表确认）
2.64.11::寒假规划::feedback-547945116-2026/01/25 17:32:54,2.64.11,寒假规划,547945116,S2,"排版有问题，有错误的，你们自己要测试一下的。
假期专题这里",https://cupid.zhenguanyu.com/#/analysis/user-feedback-list?userId=547945116,未触达,,,,候选（需先在关联表确认）
2.64.11::寒假规划::feedback-169201712-2026/01/26 16:41:29,2.64.11,寒假规划,169201712,S2,寒假超级计划中的视频打开后是空白,https://cupid.zhenguanyu.com/#/analysis/user-feedback-list?userId=169201712,未触达,,,,候选（需先在关联表确认）
2.64.11::寒假规划::feedback-989073816-2026/01/26 21:40:35,2.64.11,寒假规划,989073816,A1,已经开始放寒假了，请尽快更新寒假大作战,https://cupid.zhenguanyu.com/#/analysis/user-feedback-list?userId=989073816,未触达,,,,候选（需先在关联表确认）
2.64.11::寒假规划::feedback-428081502-2026/01/27 18:18:31,2.64.11,寒假规划,428081502,S2,使用过程中死机。寒假练习视频，重启后，再进入，又死机。,https://cupid.zhenguanyu.com/#/analysis/user-feedback-list?userId=428081502,未触达,,,,候选（需先在关联表确认）
2.64.11::寒假规划::feedback-257775852-2026/01/29 11:23:53,2.64.11,寒假规划,257775852,S2,"1.添加打印功能：练习/测试/作文/万能本书写等学习报告，应添加打印功能，这样可以完成上交学校作业。否则哪有那么多时间还要写学校作业，还要用这个学习机？
2.学习计划应可以自主设置：比如我打算寒假一个月，重点学习哪些学科，哪些知识点，有个偏好选择功能，然后按照设置条件去生成AI计划。现在只能按照系统内置的计划走，没有实用价值.",https://cupid.zhenguanyu.com/#/analysis/user-feedback-list?userId=257775852,未触达,,,,候选（需先在关联表确认）
2.64.11::寒假规划::feedback-730254050-2026/02/02 20:27:27,2.64.11,寒假规划,730254050,S2,请问寒假超越计划完成任务的条件是什么,https://cupid.zhenguanyu.com/#/analysis/user-feedback-list?userId=730254050,未触达,,,,候选（需先在关联表确认）
2.64.11::寒假规划::feedback-726665947-2026/02/03 22:33:10,2.64.11,寒假规划,726665947,S6,优优老师和小猿学习数据传输不完整，无法知晓小猿中“寒假大作战”的语文、数学、英语寒假练习完成情况。如果小朋友在完成这个版块的学习和作业后，没有再做其他版块的，优优老师就没办法知晓小朋友的学习情况。,https://cupid.zhenguanyu.com/#/analysis/user-feedback-list?userId=726665947,未触达,,,,候选（需先在关联表确认）
2.64.11::寒假规划::feedback-374088314-2026/02/05 07:47:12,2.64.11,寒假规划,374088314,S1,今年的寒假大作战怎么没有了？初三的复习专项也没有？,https://cupid.zhenguanyu.com/#/analysis/user-feedback-list?userId=374088314,未触达,,,,候选（需先在关联表确认）
2.64.11::寒假规划::feedback-501666270-2026/02/08 08:15:29,2.64.11,寒假规划,501666270,S2,假期预习英语课文更新慢，打不开，每个假期都是这样，体验感太差劲了,https://cupid.zhenguanyu.com/#/analysis/user-feedback-list?userId=501666270,未触达,,,,候选（需先在关联表确认）
2.64.11::寒假规划::feedback-852369835-2026/02/14 13:18:01,2.64.11,寒假规划,852369835,S1,没有寒假大作战,https://cupid.zhenguanyu.com/#/analysis/user-feedback-list?userId=852369835,未触达,,,,候选（需先在关联表确认）
2.64.11::寒假规划::feedback-349931054-2026/02/15 10:39:54,2.64.11,寒假规划,349931054,S6,寒假超越计划第10天的任务都做完了，为什么不标记已完成,https://cupid.zhenguanyu.com/#/analysis/user-feedback-list?userId=349931054,未触达,,,,候选（需先在关联表确认）
2.64.11::寒假规划::feedback-2200537-2026/02/25 18:30:25,2.64.11,寒假规划,2200537,S2,孩子学的是北师大版英语，三年级起步的，等了一寒假，教材还没有更新完，马上开学了，还没更新完，这速度太慢了吧,https://cupid.zhenguanyu.com/#/analysis/user-feedback-list?userId=2200537,未触达,,,,候选（需先在关联表确认）
2.64.11::寒假规划::feedback-509897404-2026/02/27 12:11:14,2.64.11,寒假规划,509897404,S2,家长端太局限，无法查看随堂测或者寒假大作战的情况，只有部分指定练习才有学习进度提示跟明细，希望改善…更好的监管,https://cupid.zhenguanyu.com/#/analysis/user-feedback-list?userId=509897404,未触达,,,,候选（需先在关联表确认）
2.64.11::寒假规划::feedback-748614521-2026/02/28 19:59:43,2.64.11,寒假规划,748614521,S6,每天AI推荐的学习内容，最好可以让家长自己编辑。比如我现在每天希望推送一个单元的语文和英语的教材同步单元练习，自己每天做3个错题订正。但是AI推荐任务那里却加不进去，每天都是固定的寒假练习题。另外让小袁AI语音帮我加也没有用。,https://cupid.zhenguanyu.com/#/analysis/user-feedback-list?userId=748614521,未触达,,,,候选（需先在关联表确认）
2.64.11::寒假规划::feedback-199286320-2026/03/02 18:38:15,2.64.11,寒假规划,199286320,E1,"
教材同步更新太慢，开学了还没有新的教材，寒假暑假也没得提前预习。",https://cupid.zhenguanyu.com/#/analysis/user-feedback-list?userId=199286320,未触达,,,,候选（需先在关联表确认）
2.64.11::寒假规划::feedback-676643309-2026/03/04 08:26:59,2.64.11,寒假规划,676643309,S2,四下苏教版数学已改版，你们教辅53，实验班等都是老的版本，没有更新，怎么用？一个寒假你们都来不及更新吗？7.8两个单元新增,https://cupid.zhenguanyu.com/#/analysis/user-feedback-list?userId=676643309,未触达,,,,候选（需先在关联表确认）
2.64.11::寒假规划::feedback-769513429-2026/03/08 12:41:20,2.64.11,寒假规划,769513429,S2,四年级下册英语的教材一直没有，本来想着寒假让孩子学习，你们的教材也不更新，这孩子都开学了，也是没更新,https://cupid.zhenguanyu.com/#/analysis/user-feedback-list?userId=769513429,未触达,,,,候选（需先在关联表确认）
2.64.11::寒假规划::feedback-71872104-2026/04/26 10:10:26,2.64.11,寒假规划,71872104,E1,小猿学练机之前就冲着🈶教辅，有一课一练才买的，用来假期预习。结果这学期开始这些教辅都没有了，希望还是可以把一课一练放进来。谢谢,https://cupid.zhenguanyu.com/#/analysis/user-feedback-list?userId=71872104,未触达,,,,候选（需先在关联表确认）
2.63.0::AI精准复习周子威::feedback-130848676-2026/02/19 21:23:59,2.63.0,AI精准复习,130848676,S6,高中怎么没有复习模考和AI精准复习的功能？,https://cupid.zhenguanyu.com/#/analysis/user-feedback-list?userId=130848676,未触达,,,,候选（需先在关联表确认）
2.63.0::AI精准复习周子威::feedback-651571389-2026/03/26 10:58:12,2.63.0,AI精准复习,651571389,S6,"
几年前买了小猿学练机S2，近期试用了S6，使用下来觉得S6还是没有解决我想要的功能问题，所以决定退回S6，还是继续用S2。具体如下:
1.举一反三功能依然不智能。小孩练习的错题下面虽然有个举一反三的功能，但是推送的题型和错题完全不一样，达不到举一反三的效果。
2.S6有个定制复习计划，明明说的薄弱点是小数的加减运算，但是推送的题目完全不是小数的运算题，题型甚至和小数毫无关联，这让我怀疑你们推送的",https://cupid.zhenguanyu.com/#/analysis/user-feedback-list?userId=651571389,未触达,,,,候选（需先在关联表确认）
2.63.0::AI精准复习周子威::feedback-261250548-2026/05/19 07:26:20,2.63.0,AI精准复习,261250548,S6,可不可以尽快上期末AI复习，或者先保留期中AI复习，现在全没有，S6推的就是这个功能，怎么能断档？,https://cupid.zhenguanyu.com/#/analysis/user-feedback-list?userId=261250548,未触达,,,,候选（需先在关联表确认）
2.63.0::AI精准复习周子威::feedback-255647476-2026/01/03 21:00:51,2.63.0,AI精准复习,255647476,S2,题目批改全对，但是还是说薄弱点未攻克，已经出现很多次改情况。,https://cupid.zhenguanyu.com/#/analysis/user-feedback-list?userId=255647476,未触达,,,,候选（需先在关联表确认）
2.63.0::AI精准复习周子威::feedback-1080070147-2026/01/06 11:19:27,2.63.0,AI精准复习,1080070147,S2,"1、薄弱点攻克，一次性全对的题他还是说没有攻克。
2、AI推荐任务连续推荐同样的内容。",https://cupid.zhenguanyu.com/#/analysis/user-feedback-list?userId=1080070147,未触达,,,,候选（需先在关联表确认）
2.63.0::AI精准复习周子威::feedback-566725942-2026/01/11 22:29:21,2.63.0,AI精准复习,566725942,S2,英语冀教版新课标，4年级下册，  教材同步_错题本_薄弱点_推出英语举一反三，语法训练，连词成句，阅读理解有针对性的专项练习,https://cupid.zhenguanyu.com/#/analysis/user-feedback-list?userId=566725942,未触达,,,,候选（需先在关联表确认）
2.63.0::AI精准复习周子威::feedback-247208470-2026/01/14 18:56:28,2.63.0,AI精准复习,247208470,S2,孩子攻克的薄弱点全对，，为了什么还是提示没有攻克薄弱点,https://cupid.zhenguanyu.com/#/analysis/user-feedback-list?userId=247208470,未触达,,,,候选（需先在关联表确认）
2.63.0::AI精准复习周子威::feedback-748205184-2026/01/17 11:10:19,2.63.0,AI精准复习,748205184,S2,薄弱点突破所有题目都做对了，还是显示没有突破，连续几次了,https://cupid.zhenguanyu.com/#/analysis/user-feedback-list?userId=748205184,未触达,,,,候选（需先在关联表确认）
2.63.0::AI精准复习周子威::feedback-1006279703-2026/01/18 11:53:34,2.63.0,AI精准复习,1006279703,S6,薄弱点已经攻克完了，但是还是显示有一个薄热点,https://cupid.zhenguanyu.com/#/analysis/user-feedback-list?userId=1006279703,未触达,,,,候选（需先在关联表确认）
2.63.0::AI精准复习周子威::feedback-1006279703-2026/01/18 11:54:59,2.63.0,AI精准复习,1006279703,S6,薄弱点当天全都做完了，还显示有薄弱点,https://cupid.zhenguanyu.com/#/analysis/user-feedback-list?userId=1006279703,未触达,,,,候选（需先在关联表确认）
2.63.0::AI精准复习周子威::feedback-108784002-2026/01/23 19:22:03,2.63.0,AI精准复习,108784002,S2,为什么全对还告诉我没能攻克薄弱点呢,https://cupid.zhenguanyu.com/#/analysis/user-feedback-list?userId=108784002,未触达,,,,候选（需先在关联表确认）
2.63.0::AI精准复习周子威::feedback-252809644-2026/01/25 21:09:35,2.63.0,AI精准复习,252809644,S2,薄弱点打不开,https://cupid.zhenguanyu.com/#/analysis/user-feedback-list?userId=252809644,未触达,,,,候选（需先在关联表确认）
2.63.0::AI精准复习周子威::feedback-187209798-2026/01/28 10:42:10,2.63.0,AI精准复习,187209798,S6,"1.导入的电子书什么时候可以改字体和字号
2.专项听写手动录入的词汇什么时候可以保存，不要丢失
3.反应速度还是很慢
4.语文可以做精准学吗",https://cupid.zhenguanyu.com/#/analysis/user-feedback-list?userId=187209798,未触达,,,,候选（需先在关联表确认）
2.63.0::AI精准复习周子威::feedback-566366973-2026/01/29 10:20:06,2.63.0,AI精准复习,566366973,S2,ai这块建议增加题型设计功能，比如知道孩子的知识薄弱点了，需要加强，可以根据家长要求出题出卷，配合举一反三，加强练，现在举一反三的出题，有点偏离薄弱点或者说不突出。,https://cupid.zhenguanyu.com/#/analysis/user-feedback-list?userId=566366973,未触达,,,,候选（需先在关联表确认）
2.63.0::AI精准复习周子威::feedback-218206324-2026/01/31 14:15:40,2.63.0,AI精准复习,218206324,S2,明明孩子全部做对，还是显示没能攻克薄弱点，孩子很伤心！,https://cupid.zhenguanyu.com/#/analysis/user-feedback-list?userId=218206324,未触达,,,,候选（需先在关联表确认）
2.63.0::AI精准复习周子威::feedback-689993631-2026/01/31 14:59:55,2.63.0,AI精准复习,689993631,S2,AI错题本这里有一些问题，数学这里的本周新增的薄弱点，。上面显示的是两个，旁边的本周攻克的薄弱点显示的是0个。可下面却说已经掌握了本周全部薄弱点。这是让我们用户不太理解的，希望加快改进呢！🙏🙏,https://cupid.zhenguanyu.com/#/analysis/user-feedback-list?userId=689993631,未触达,,,,候选（需先在关联表确认）
2.63.0::AI精准复习周子威::feedback-1083825590-2026/01/31 16:14:50,2.63.0,AI精准复习,1083825590,S2,这是咋了？明明全对了，为什么还说没能攻克薄弱点呢？,https://cupid.zhenguanyu.com/#/analysis/user-feedback-list?userId=1083825590,未触达,,,,候选（需先在关联表确认）
2.63.0::AI精准复习周子威::feedback-427583628-2026/02/01 21:10:01,2.63.0,AI精准复习,427583628,S6,教辅专区里的试卷完成后，AI诊断功能并不能针对教辅专区里的试卷完成的结果，进行评分和相关薄弱点的举一反三是试题推送,https://cupid.zhenguanyu.com/#/analysis/user-feedback-list?userId=427583628,未触达,,,,候选（需先在关联表确认）
2.63.0::AI精准复习周子威::feedback-1124155298-2026/02/06 21:00:47,2.63.0,AI精准复习,1124155298,S6,攻克一次薄弱点任务，完成了也不刷新,https://cupid.zhenguanyu.com/#/analysis/user-feedback-list?userId=1124155298,未触达,,,,候选（需先在关联表确认）
2.63.0::AI精准复习周子威::feedback-1070826457-2026/02/08 22:32:42,2.63.0,AI精准复习,1070826457,S2,薄弱点批改全对，但每次都提示没有攻破，进而产生更多的薄弱点,https://cupid.zhenguanyu.com/#/analysis/user-feedback-list?userId=1070826457,未触达,,,,候选（需先在关联表确认）
2.63.0::AI精准复习周子威::feedback-272574052-2026/02/25 14:33:02,2.63.0,AI精准复习,272574052,S2,错题扫上去生成不了薄弱点,https://cupid.zhenguanyu.com/#/analysis/user-feedback-list?userId=272574052,未触达,,,,候选（需先在关联表确认）
2.63.0::AI精准复习周子威::feedback-458808414-2026/02/28 14:09:07,2.63.0,AI精准复习,458808414,S2,在学练机上做了同步练习，但是错题都没纳入错题本，也没有纳入薄弱点,https://cupid.zhenguanyu.com/#/analysis/user-feedback-list?userId=458808414,未触达,,,,候选（需先在关联表确认）
2.63.0::AI精准复习周子威::feedback-458808414-2026/02/28 14:10:13,2.63.0,AI精准复习,458808414,S2,在学练机上做了同步练习，但是错题都没纳入错题本，也没有纳入薄弱点,https://cupid.zhenguanyu.com/#/analysis/user-feedback-list?userId=458808414,未触达,,,,候选（需先在关联表确认）
2.63.0::AI精准复习周子威::feedback-308965824-2026/02/28 15:19:14,2.63.0,AI精准复习,308965824,S2,这个薄弱点明明已经通关了，但是这个屏幕显示一直都是还有一个薄弱点，我建议起到一些删除薄弱点的作用，但要家长同意，比如发信息之类,https://cupid.zhenguanyu.com/#/analysis/user-feedback-list?userId=308965824,未触达,,,,候选（需先在关联表确认）
2.63.0::AI精准复习周子威::feedback-665925367-2026/03/07 20:58:49,2.63.0,AI精准复习,665925367,S6,薄弱点栏目中添加英语这个学科,https://cupid.zhenguanyu.com/#/analysis/user-feedback-list?userId=665925367,未触达,,,,候选（需先在关联表确认）
2.63.0::AI精准复习周子威::feedback-738745375-2026/03/12 21:10:47,2.63.0,AI精准复习,738745375,S6,这里说我们有一个阶段测评，在阶段测评里边还有一个精准学，但是我在我的本上没有找到这两项呀。,https://cupid.zhenguanyu.com/#/analysis/user-feedback-list?userId=738745375,未触达,,,,候选（需先在关联表确认）
2.63.0::AI精准复习周子威::feedback-743411420-2026/03/13 19:59:17,2.63.0,AI精准复习,743411420,S2,语文的薄弱点已攻克，批改全对，请问为何还是显示攻克数为0？,https://cupid.zhenguanyu.com/#/analysis/user-feedback-list?userId=743411420,未触达,,,,候选（需先在关联表确认）
2.63.0::AI精准复习周子威::feedback-642191048-2026/03/23 20:39:32,2.63.0,AI精准复习,642191048,S2,收录拍照了10道错题，没有一个薄弱点生成，上学期都有，是怎么回事,https://cupid.zhenguanyu.com/#/analysis/user-feedback-list?userId=642191048,未触达,,,,候选（需先在关联表确认）
2.63.0::AI精准复习周子威::feedback-842478978-2026/04/02 06:41:11,2.63.0,AI精准复习,842478978,S2,请把语文和英语生物地理的薄弱点加到错题本里谢谢,https://cupid.zhenguanyu.com/#/analysis/user-feedback-list?userId=842478978,未触达,,,,候选（需先在关联表确认）
2.63.0::AI精准复习周子威::feedback-654061087-2026/04/06 22:07:03,2.63.0,AI精准复习,654061087,S6,做了一张模拟试卷，错了很多题，却没有产生薄弱点。,https://cupid.zhenguanyu.com/#/analysis/user-feedback-list?userId=654061087,未触达,,,,候选（需先在关联表确认）
2.63.0::AI精准复习周子威::feedback-225558408-2026/04/13 21:00:34,2.63.0,AI精准复习,225558408,S2,卡顿，闪退，薄弱点批改无法完成,https://cupid.zhenguanyu.com/#/analysis/user-feedback-list?userId=225558408,未触达,,,,候选（需先在关联表确认）
2.63.0::AI精准复习周子威::feedback-423293130-2026/05/26 22:36:26,2.63.0,AI精准复习,423293130,S6,语文全部薄弱点里的生字词，精准练用不了，点击进去就是服务异常的页面,https://cupid.zhenguanyu.com/#/analysis/user-feedback-list?userId=423293130,未触达,,,,候选（需先在关联表确认）
2.63.0::AI精准复习周子威::feedback-616176705-2026/05/30 10:18:30,2.63.0,AI精准复习,616176705,S1,全对但是说没有攻克薄弱点,https://cupid.zhenguanyu.com/#/analysis/user-feedback-list?userId=616176705,未触达,,,,候选（需先在关联表确认）
2.63.0::AI精准复习周子威::feedback-354654038-2026/01/03 12:54:39,2.63.0,AI精准复习,354654038,S2,东北地区的期末考试已经结束了，期末复习的功能却还没有上线。。。,https://cupid.zhenguanyu.com/#/analysis/user-feedback-list?userId=354654038,未触达,,,,候选（需先在关联表确认）
2.63.0::AI精准复习周子威::feedback-217812010-2026/01/05 19:04:32,2.63.0,AI精准复习,217812010,S2,"孩子用专项突破中的“看拼音写生字”功能，中间少选了几课，查不出来少了哪个，这里最好标注一下哪些写过了。
还有希望能看到所有课本的生字汇总，这样可以总体所有生字一起复习，而不是现在需要一个学期一个学期去复习。如果能添加上艾宾浩斯记忆法复习生字就更好了",https://cupid.zhenguanyu.com/#/analysis/user-feedback-list?userId=217812010,未触达,,,,候选（需先在关联表确认）
2.63.0::AI精准复习周子威::feedback-521631520-2026/01/07 13:10:58,2.63.0,AI精准复习,521631520,E1,希望能有过往几年期中和期末试卷真题讲解的功能,https://cupid.zhenguanyu.com/#/analysis/user-feedback-list?userId=521631520,未触达,,,,候选（需先在关联表确认）
2.63.0::AI精准复习周子威::feedback-210936856-2026/01/07 21:34:31,2.63.0,AI精准复习,210936856,S2,期末复习教辅或者其它题目时，可能没电突然关机设备没有保存作业痕迹。这样导致又得重新做一遍很浪费时间。,https://cupid.zhenguanyu.com/#/analysis/user-feedback-list?userId=210936856,未触达,,,,候选（需先在关联表确认）
2.63.0::AI精准复习周子威::feedback-463919518-2026/01/10 21:50:08,2.63.0,AI精准复习,463919518,S2,"1.考前闯关复习题我们考完试了才更新出来。
2.现在已经放寒假了，寒假大作战还没更新。希望能及时提前更新。",https://cupid.zhenguanyu.com/#/analysis/user-feedback-list?userId=463919518,未触达,,,,候选（需先在关联表确认）
2.63.0::AI精准复习周子威::feedback-413819224-2026/01/11 11:11:37,2.63.0,AI精准复习,413819224,S2,寒假预复习计划什么时候有？,https://cupid.zhenguanyu.com/#/analysis/user-feedback-list?userId=413819224,未触达,,,,候选（需先在关联表确认）
2.63.0::AI精准复习周子威::feedback-632784980-2026/01/11 12:35:25,2.63.0,AI精准复习,632784980,S2,AI期末个性复习，最后一关总是提示不对，反复改了（改的绝对正确，家长改了几遍，孩子改了几遍，小猿无法识别）无法进行下一关，请设置可以往下进行闯关，一家要疯了,https://cupid.zhenguanyu.com/#/analysis/user-feedback-list?userId=632784980,未触达,,,,候选（需先在关联表确认）
2.63.0::AI精准复习周子威::feedback-632784980-2026/01/11 12:36:09,2.63.0,AI精准复习,632784980,S2,AI复习闯关可以跳关,https://cupid.zhenguanyu.com/#/analysis/user-feedback-list?userId=632784980,未触达,,,,候选（需先在关联表确认）
2.63.0::AI精准复习周子威::feedback-392430452-2026/01/11 13:42:05,2.63.0,AI精准复习,392430452,S6,期末复习，希望增加英语和语文及语文和英语试卷分享功能,https://cupid.zhenguanyu.com/#/analysis/user-feedback-list?userId=392430452,未触达,,,,候选（需先在关联表确认）
2.63.0::AI精准复习周子威::feedback-620716562-2026/01/12 22:05:47,2.63.0,AI精准复习,620716562,S2,课本教材不能及时更新！没办法预习！建议小猿及时更新教材，上传到设备,https://cupid.zhenguanyu.com/#/analysis/user-feedback-list?userId=620716562,未触达,,,,候选（需先在关联表确认）
2.63.0::AI精准复习周子威::feedback-1062227390-2026/01/13 19:11:31,2.63.0,AI精准复习,1062227390,S2,能不能优化一下不会的字词加入生字生词本，便于复习查缺补漏,https://cupid.zhenguanyu.com/#/analysis/user-feedback-list?userId=1062227390,未触达,,,,候选（需先在关联表确认）
2.63.0::AI精准复习周子威::feedback-580773559-2026/01/15 17:15:45,2.63.0,AI精准复习,580773559,S6,"今日复习这个位置是0
如何复习，找不到可以复习的按钮，以至于今日复习一直是0",https://cupid.zhenguanyu.com/#/analysis/user-feedback-list?userId=580773559,未触达,,,,候选（需先在关联表确认）
2.63.0::AI精准复习周子威::feedback-369260854-2026/01/17 20:13:01,2.63.0,AI精准复习,369260854,S2,"
 
“你好，想反馈一个功能建议：希望在四年级语文板块，把每个单元的‘日积月累’和课文里的必默古诗，单独做一个‘必默专区’。最好能按单元/教材版本分类，支持一键筛选、批量默写、自动批改，方便孩子集中练习和复习。孩子现在用的是[四年级]、[人教版]，麻烦帮忙评估上线~”
 
",https://cupid.zhenguanyu.com/#/analysis/user-feedback-list?userId=369260854,未触达,,,,候选（需先在关联表确认）
2.63.0::AI精准复习周子威::feedback-420795158-2026/01/19 13:01:32,2.63.0,AI精准复习,420795158,S2,英语自定义单词背诵，可以添加到课本单元里，但是退出听写后就清空了，希望有一个自定义单词的地方收集薄弱单词能反复复习巩固。,https://cupid.zhenguanyu.com/#/analysis/user-feedback-list?userId=420795158,未触达,,,,候选（需先在关联表确认）
2.63.0::AI精准复习周子威::feedback-348372962-2026/01/19 13:18:59,2.63.0,AI精准复习,348372962,S2,二年级下册的语文为什么没有整片的课文原文，讲解也没有，小结也没有，只有卷子，孩子还没看课文，提前也复习不了，就让做卷子,https://cupid.zhenguanyu.com/#/analysis/user-feedback-list?userId=348372962,未触达,,,,候选（需先在关联表确认）
2.63.0::AI精准复习周子威::feedback-1048484689-2026/01/19 16:48:52,2.63.0,AI精准复习,1048484689,S6,期末总复习只有数学一科，英语和语文没有？,https://cupid.zhenguanyu.com/#/analysis/user-feedback-list?userId=1048484689,未触达,,,,候选（需先在关联表确认）
2.63.0::AI精准复习周子威::feedback-510492685-2026/01/20 17:09:50,2.63.0,AI精准复习,510492685,S2,都1月20号了，孩子已经放假13天了，寒假作业还没出来，目前还显示在复习阶段。建议下次寒假1月初，暑假7月初就同步出寒/暑假计划。,https://cupid.zhenguanyu.com/#/analysis/user-feedback-list?userId=510492685,未触达,,,,候选（需先在关联表确认）
2.63.0::AI精准复习周子威::feedback-227391080-2026/01/21 17:24:02,2.63.0,AI精准复习,227391080,S6,整体不错但是沪教版除了一课一练配套教辅希望在多点别的出版社，对于沪教版有点少，英语希望能增加和数学语文一样的精准推荐，复习模考沪教版也比较少希望后续能多提升,https://cupid.zhenguanyu.com/#/analysis/user-feedback-list?userId=227391080,未触达,,,,候选（需先在关联表确认）
2.63.0::AI精准复习周子威::feedback-399434192-2026/01/21 22:37:09,2.63.0,AI精准复习,399434192,S2,"AI推荐任务中，数学能不能随机抽取几道该年级易错题来练习。
口语练习 能不能也按照年级的内容来更新一下。目前的口语练习太鸡肋了
单词听着 除了按照单元来听着的，时候可以增加，期中部分和期末部分混合听着。",https://cupid.zhenguanyu.com/#/analysis/user-feedback-list?userId=399434192,未触达,,,,候选（需先在关联表确认）
2.63.0::AI精准复习周子威::feedback-379423750-2026/01/24 08:25:32,2.63.0,AI精准复习,379423750,S2,希望语数英都有课堂笔记，有效提高孩子的预习。,https://cupid.zhenguanyu.com/#/analysis/user-feedback-list?userId=379423750,未触达,,,,候选（需先在关联表确认）
2.63.0::AI精准复习周子威::feedback-696181712-2026/01/24 20:14:34,2.63.0,AI精准复习,696181712,S2,小猿，能不能增加一个王朝霞的教辅，单元测和期中期末考试卷子的那种，语文、科普版英语的,https://cupid.zhenguanyu.com/#/analysis/user-feedback-list?userId=696181712,未触达,,,,候选（需先在关联表确认）
2.63.0::AI精准复习周子威::feedback-515443141-2026/01/25 19:44:42,2.63.0,AI精准复习,515443141,S6,专项突破里面背单词，背的单词不能复习,https://cupid.zhenguanyu.com/#/analysis/user-feedback-list?userId=515443141,未触达,,,,候选（需先在关联表确认）
2.63.0::AI精准复习周子威::feedback-138290726-2026/01/29 10:42:39,2.63.0,AI精准复习,138290726,S2,请问小袁的学习内容能不能提前更新为下学期的内容便于学生预习，往回复！,https://cupid.zhenguanyu.com/#/analysis/user-feedback-list?userId=138290726,未触达,,,,候选（需先在关联表确认）
2.63.0::AI精准复习周子威::feedback-696621686-2026/01/31 22:44:56,2.63.0,AI精准复习,696621686,S2,数学小复习的应用题出的是计算或者是选择题什么的，就是不出应用题,https://cupid.zhenguanyu.com/#/analysis/user-feedback-list?userId=696621686,未触达,,,,候选（需先在关联表确认）
2.63.0::AI精准复习周子威::feedback-696621686-2026/01/31 22:48:08,2.63.0,AI精准复习,696621686,S2,数学小复习出的应用题不是应用题，是计算题或者选择题。,https://cupid.zhenguanyu.com/#/analysis/user-feedback-list?userId=696621686,未触达,,,,候选（需先在关联表确认）
2.63.0::AI精准复习周子威::feedback-287158486-2026/02/04 20:46:45,2.63.0,AI精准复习,287158486,S2,想把经常用的教辅材料收藏或置顶，这样方便复习,https://cupid.zhenguanyu.com/#/analysis/user-feedback-list?userId=287158486,未触达,,,,候选（需先在关联表确认）
2.63.0::AI精准复习周子威::feedback-374088314-2026/02/05 07:47:12,2.63.0,AI精准复习,374088314,S1,今年的寒假大作战怎么没有了？初三的复习专项也没有？,https://cupid.zhenguanyu.com/#/analysis/user-feedback-list?userId=374088314,未触达,,,,候选（需先在关联表确认）
2.63.0::AI精准复习周子威::feedback-250989502-2026/02/05 08:03:46,2.63.0,AI精准复习,250989502,S2,能否增加语文，数学，英语，科学等单元重点知识点总结，这样更方便孩子进行知识点复习,https://cupid.zhenguanyu.com/#/analysis/user-feedback-list?userId=250989502,未触达,,,,候选（需先在关联表确认）
2.63.0::AI精准复习周子威::feedback-1047582075-2026/02/22 14:03:26,2.63.0,AI精准复习,1047582075,S2,我家孩子以前上1年级2年级时有写过同步练习到三年级时我想让她全部复习一次结果，1年级2年级写的全部找不到了 是怎么回事,https://cupid.zhenguanyu.com/#/analysis/user-feedback-list?userId=1047582075,未触达,,,,候选（需先在关联表确认）
2.63.0::AI精准复习周子威::feedback-220439406-2026/02/23 20:33:28,2.63.0,AI精准复习,220439406,S2,为什么没有S6的考试复习,https://cupid.zhenguanyu.com/#/analysis/user-feedback-list?userId=220439406,未触达,,,,候选（需先在关联表确认）
2.63.0::AI精准复习周子威::feedback-405808718-2026/03/04 22:12:11,2.63.0,AI精准复习,405808718,E1,字词听写之前有没有关于这个字的笔顺组词等相关的学习内容，特别是预习的时候，想学习一下这节课的字没有能学习的内容；英语也是，英语单词中没有音标和学习这个单词并组词造句的内容；建议增加字词的学习内容后再听写。,https://cupid.zhenguanyu.com/#/analysis/user-feedback-list?userId=405808718,未触达,,,,候选（需先在关联表确认）
2.63.0::AI精准复习周子威::feedback-214969930-2026/03/05 01:19:31,2.63.0,AI精准复习,214969930,S6,"语文英语默写错误的词不会到错题本，后期无法针对性复习。
英语绘本跟读自己无法暂停，没有缓冲时间。不会的单词也无法点读
无法针对艾宾浩斯学的单词进行有效默写
",https://cupid.zhenguanyu.com/#/analysis/user-feedback-list?userId=214969930,未触达,,,,候选（需先在关联表确认）
2.63.0::AI精准复习周子威::feedback-473792868-2026/03/09 15:22:23,2.63.0,AI精准复习,473792868,S2,希望增加小升初的提前预习课程,https://cupid.zhenguanyu.com/#/analysis/user-feedback-list?userId=473792868,未触达,,,,候选（需先在关联表确认）
2.63.0::AI精准复习周子威::feedback-552120439-2026/03/09 21:12:40,2.63.0,AI精准复习,552120439,S2,小学数学，语文，数学，英语没有预习视频吗,https://cupid.zhenguanyu.com/#/analysis/user-feedback-list?userId=552120439,未触达,,,,候选（需先在关联表确认）
2.63.0::AI精准复习周子威::feedback-1065655423-2026/03/09 21:59:09,2.63.0,AI精准复习,1065655423,S2,期中的课文没有更新。听写生字，以前的老大，现在版本教材改完以后生字听写不了，课文对不上,https://cupid.zhenguanyu.com/#/analysis/user-feedback-list?userId=1065655423,未触达,,,,候选（需先在关联表确认）
2.63.0::AI精准复习周子威::feedback-230280978-2026/03/11 22:14:56,2.63.0,AI精准复习,230280978,S6,强烈建议有字体放大功能，练习字太小了，读书复习字也小，拼音跟笔尖一样小，真的看起来太累了，对用眼不友好。强烈建议文字放大！！谢谢工程师！！！！,https://cupid.zhenguanyu.com/#/analysis/user-feedback-list?userId=230280978,未触达,,,,候选（需先在关联表确认）
2.63.0::AI精准复习周子威::feedback-176779754-2026/03/15 21:37:59,2.63.0,AI精准复习,176779754,S2,校内同步有课程预习就更好了,https://cupid.zhenguanyu.com/#/analysis/user-feedback-list?userId=176779754,未触达,,,,候选（需先在关联表确认）
2.63.0::AI精准复习周子威::feedback-684533243-2026/03/22 11:24:35,2.63.0,AI精准复习,684533243,S6,英语和语文没有像数学一样的AI复习功能,https://cupid.zhenguanyu.com/#/analysis/user-feedback-list?userId=684533243,未触达,,,,候选（需先在关联表确认）
2.63.0::AI精准复习周子威::feedback-133829872-2026/03/22 19:23:14,2.63.0,AI精准复习,133829872,S6,增加“题目保存进度，下次继续做”的功能。使用发现5.3归类复习，语文三下，无此功能。,https://cupid.zhenguanyu.com/#/analysis/user-feedback-list?userId=133829872,未触达,,,,候选（需先在关联表确认）
2.63.0::AI精准复习周子威::feedback-747676592-2026/03/22 21:56:00,2.63.0,AI精准复习,747676592,S2,在专项突破中，背单词怎么只有今天新学的内容，没有今日复习的内容呢？,https://cupid.zhenguanyu.com/#/analysis/user-feedback-list?userId=747676592,未触达,,,,候选（需先在关联表确认）
2.63.0::AI精准复习周子威::feedback-67156186-2026/03/23 21:55:06,2.63.0,AI精准复习,67156186,S6,希望听写中使用了提示功能的词汇直接进入错题本：【专项突破-英语单词听写和语文字词听写】：听写时，语音播报手动点击多次会出现提示功能，提示完整展现了需要默写的词汇，孩子可以直接照抄。最后成绩全对，但其中水分不小，家长不在旁边难以辨别真实成绩。提示功能确实需要，但是提示词汇最好直接算错，进入错题本，帮助孩子后续复习巩固生疏字词。,https://cupid.zhenguanyu.com/#/analysis/user-feedback-list?userId=67156186,未触达,,,,候选（需先在关联表确认）
2.63.0::AI精准复习周子威::feedback-985794848-2026/03/23 22:10:07,2.63.0,AI精准复习,985794848,S6,系统没有课前预习，没有课前阅读。,https://cupid.zhenguanyu.com/#/analysis/user-feedback-list?userId=985794848,未触达,,,,候选（需先在关联表确认）
2.63.0::AI精准复习周子威::feedback-1119299293-2026/03/24 10:18:07,2.63.0,AI精准复习,1119299293,S6,云文件上传限制文件大小，使用起来不方便。而且教辅的功能中只有练习册，而没有课程辅导书，不能进行预习。,https://cupid.zhenguanyu.com/#/analysis/user-feedback-list?userId=1119299293,未触达,,,,候选（需先在关联表确认）
2.63.0::AI精准复习周子威::feedback-194310640-2026/03/24 15:12:57,2.63.0,AI精准复习,194310640,S2,专项突破中的字词听写和单词听写没有记录，在机器上找不到练习的错误的记录，找统计错了多少单词生字，哪个错了，需要加强练习的地方没有提示，相对比较费劲，错误了的需要练习的单独再一个地方能找到，能专项单独复习练习就好了,https://cupid.zhenguanyu.com/#/analysis/user-feedback-list?userId=194310640,未触达,,,,候选（需先在关联表确认）
2.63.0::AI精准复习周子威::feedback-175426920-2026/03/24 20:42:50,2.63.0,AI精准复习,175426920,S2,背单词里背过的单词没有复习项,https://cupid.zhenguanyu.com/#/analysis/user-feedback-list?userId=175426920,未触达,,,,候选（需先在关联表确认）
2.63.0::AI精准复习周子威::feedback-985794848-2026/03/30 12:28:17,2.63.0,AI精准复习,985794848,S6,没有预习,https://cupid.zhenguanyu.com/#/analysis/user-feedback-list?userId=985794848,未触达,,,,候选（需先在关联表确认）
2.63.0::AI精准复习周子威::feedback-266444532-2026/03/30 22:40:56,2.63.0,AI精准复习,266444532,S6,希望增加这个版本53归类复习,https://cupid.zhenguanyu.com/#/analysis/user-feedback-list?userId=266444532,未触达,,,,候选（需先在关联表确认）
2.63.0::AI精准复习周子威::feedback-93261514-2026/04/07 22:33:51,2.63.0,AI精准复习,93261514,S2,小学三年级专项突破中的背单词。不能复习，只有每日新学的。每日复习找不见切换口。,https://cupid.zhenguanyu.com/#/analysis/user-feedback-list?userId=93261514,未触达,,,,候选（需先在关联表确认）
2.63.0::AI精准复习周子威::feedback-688140512-2026/04/17 22:54:25,2.63.0,AI精准复习,688140512,S6,对于初三的孩子，希望出一个专题，针对整个初中三年知识点进行梳理，配套专题，中考是考三年知识的融合，想要提分，需要梳理三年的知识点，如果只有分年级的内容，对于中考总复习帮助不大，而且可以根据梳理出来问题通过AI出题来巩固知识,https://cupid.zhenguanyu.com/#/analysis/user-feedback-list?userId=688140512,未触达,,,,候选（需先在关联表确认）
2.63.0::AI精准复习周子威::feedback-476755428-2026/04/18 15:46:16,2.63.0,AI精准复习,476755428,S2,人教版二年级下，AI个性化复习中第八关正确答案一直判定错误无法过关,https://cupid.zhenguanyu.com/#/analysis/user-feedback-list?userId=476755428,未触达,,,,候选（需先在关联表确认）
2.63.0::AI精准复习周子威::feedback-270546992-2026/04/20 19:49:19,2.63.0,AI精准复习,270546992,S2,这是什么情况？实验班没有期中老师的试题吗？其他教辅里找到了还做不了，希望尽快反馈结果,https://cupid.zhenguanyu.com/#/analysis/user-feedback-list?userId=270546992,未触达,,,,候选（需先在关联表确认）
2.63.0::AI精准复习周子威::feedback-696789957-2026/04/22 21:47:52,2.63.0,AI精准复习,696789957,S6,适用江苏学生教辅资料太少，还有复习模考里面的题库大多数都是好几年前的，根本不实用，教材都有所变动。,https://cupid.zhenguanyu.com/#/analysis/user-feedback-list?userId=696789957,未触达,,,,候选（需先在关联表确认）
2.63.0::AI精准复习周子威::feedback-199379674-2026/04/25 10:48:05,2.63.0,AI精准复习,199379674,S6,内置教辅不能横屏模式，字体实在太小。53归类复习选题做，看拼音写词语能不能选词，不要一口气。孩子错一个，就等于错一题，就得整个单元的看拼音全部重新写。而且不会自动收录在错题本,https://cupid.zhenguanyu.com/#/analysis/user-feedback-list?userId=199379674,未触达,,,,候选（需先在关联表确认）
2.63.0::AI精准复习周子威::feedback-556785762-2026/04/25 15:32:10,2.63.0,AI精准复习,556785762,S2,复习计划怎么只有数学，没有语文英语其他科目的,https://cupid.zhenguanyu.com/#/analysis/user-feedback-list?userId=556785762,未触达,,,,候选（需先在关联表确认）
2.63.0::AI精准复习周子威::feedback-730649813-2026/04/26 13:15:48,2.63.0,AI精准复习,730649813,S2,说实话，真的很失望，因为你这个小袁，下次如果要换的话，我都不可能换，你们家的这里小朋友马上要期中考试了，居然不能刷期中的题。特别是实验班的那种教材。,https://cupid.zhenguanyu.com/#/analysis/user-feedback-list?userId=730649813,未触达,,,,候选（需先在关联表确认）
2.63.0::AI精准复习周子威::feedback-1047582075-2026/05/01 18:11:42,2.63.0,AI精准复习,1047582075,S2,"我家孩子以前上1年级2年级时有写过同步练习到三年级时我想让她全部复习一次，结果1年级2年级写的全部找不到了 是怎么回事
",https://cupid.zhenguanyu.com/#/analysis/user-feedback-list?userId=1047582075,未触达,,,,候选（需先在关联表确认）
2.63.0::AI精准复习周子威::feedback-239284412-2026/05/04 20:28:20,2.63.0,AI精准复习,239284412,S6,复习模考类 选择了地方卷 出来的还是别的地方的！比如选择了南通  下面还是出现青岛 北京,https://cupid.zhenguanyu.com/#/analysis/user-feedback-list?userId=239284412,未触达,,,,候选（需先在关联表确认）
2.63.0::AI精准复习周子威::feedback-183095138-2026/05/06 08:21:39,2.63.0,AI精准复习,183095138,S2,没有复习建议这是大bug，根据孩子错题给出针对性复习，语文听生字没有按需听写，非要一单元一练,https://cupid.zhenguanyu.com/#/analysis/user-feedback-list?userId=183095138,未触达,,,,候选（需先在关联表确认）
2.63.0::AI精准复习周子威::feedback-41992765-2026/05/07 07:55:18,2.63.0,AI精准复习,41992765,S6,设备卡，使用不流畅，一会儿可以用，一会儿不可用，同步更新的复习题库，讲解文不对题，无法学习,https://cupid.zhenguanyu.com/#/analysis/user-feedback-list?userId=41992765,未触达,,,,候选（需先在关联表确认）
2.63.0::AI精准复习周子威::feedback-226889258-2026/05/10 07:32:45,2.63.0,AI精准复习,226889258,S6,那个艾宾浩斯遗忘曲线背单词很好，但其中应该加一个功能，就是可以把已经完全掌握的单词筛掉，不然会的单词也反复需要复习，很浪费时间。还有一点应该进一步改进就是判断这个单词是否记住还是要加强制判断，可以让孩子用语音或文字写出单词的其中一个意思就算对，现在只让他自己说认不认识就必须要家长陪着学，问他什么意思，不然他偷懒会全点成认识的！,https://cupid.zhenguanyu.com/#/analysis/user-feedback-list?userId=226889258,未触达,,,,候选（需先在关联表确认）
2.63.0::AI精准复习周子威::feedback-135400204-2026/05/12 09:53:21,2.63.0,AI精准复习,135400204,S6,"1.没有小升初总复习练习，只有六年级的配套练习。（没有针对小考、中考、高考。）
2.客户自己上传的云文件练习，错题进不了错题本。",https://cupid.zhenguanyu.com/#/analysis/user-feedback-list?userId=135400204,未触达,,,,候选（需先在关联表确认）
2.63.0::AI精准复习周子威::feedback-405437370-2026/05/13 07:02:50,2.63.0,AI精准复习,405437370,S6,什么时候出小升初总复习版块？,https://cupid.zhenguanyu.com/#/analysis/user-feedback-list?userId=405437370,未触达,,,,候选（需先在关联表确认）
2.63.0::AI精准复习周子威::feedback-580339904-2026/05/17 16:29:24,2.63.0,AI精准复习,580339904,S1,"致小猿学练机（北京寸阴成器科技有限公司），现就产品""系统强制限制自定义单词本每次只能添加100个单词""严重设计缺陷进行投诉。

自定义单词本强制限制每次仅能添加100个单词，孩子日常复习量远超此数，导致前面听完后面就忘，完全无法形成有效复习闭环。花高价购买的学习设备，因这一不合理系统限制基本长期无法使用，严重影响核心功能体验。

现正式要求：立即解除该限制，至少将自定义单词本容量提升至500个。如未得到有效处理，我将依次向全国12315平台（投诉主体：北京寸阴成器科技有限公司）、黑猫投诉等渠道实名投诉，并保留向媒体曝光权利。

拒绝为设计缺陷买单，请尽快答复处理方案。",https://cupid.zhenguanyu.com/#/analysis/user-feedback-list?userId=580339904,未触达,,,,候选（需先在关联表确认）
2.63.0::AI精准复习周子威::feedback-520306796-2026/05/21 06:46:58,2.63.0,AI精准复习,520306796,S6,小学阶段没有看生字写拼音的复习板块，还有就是输入法中也应该有语音输入，方便自定义输入看拼音写词语的内容，一个一个手打很费时间。,https://cupid.zhenguanyu.com/#/analysis/user-feedback-list?userId=520306796,未触达,,,,候选（需先在关联表确认）
2.63.0::AI精准复习周子威::feedback-580339904-2026/06/02 15:32:52,2.63.0,AI精准复习,580339904,S1,您好！我购买的小猿学练机“听写单词”板块自定义单词一次只能添加100个，使用中几乎让我崩溃。孩子课外单词量远超这个数，每次都要分好几批手动添加，操作繁琐耗时，前面刚加完的单词还没巩固就又得清掉换下一批，复习完全被打乱。正因这个限制，我买的学练机几乎无法使用，无奈又买了zuoyebang的设备，发现对方根本没有这个困扰。调整数量上限并不是什么难题，希望客服核实后帮我把自定义单词容量提升到300至500个。此前我也反馈过，贵公司始终没有回应。如果这次仍无法解决，我只能彻底转向其它平台，相信很多家长和我感受相同，贵公司也可能因此流失大量用户。恳请重视认真对待客户的反馈，尽快整改。,https://cupid.zhenguanyu.com/#/analysis/user-feedback-list?userId=580339904,未触达,,,,候选（需先在关联表确认）
